6.35573e+10, 6, 10, 28, 3041.12, 16, 1
3.84584e+07, 5, 7, 20, 2177.05, 12, 1
6095, 1, 4, 10, 1506.25, 5, 1
846061, 3, 6, 15, 1391.12, 8, 1
3.69999e+09, 6, 8, 22, 2804.04, 14, 1
72287, 2, 5, 13, 2383.47, 7, 1
2.84347e+10, 6, 11, 30, 2287.82, 16, 1
2.18686e+08, 5, 8, 22, 2338.07, 13, 1
2285, 2, 2, 3, 1283.66, 3, 1
541, 1, 1, 0, 0, 1, 1
2.98475e+09, 4, 11, 31, 2498.41, 15, 1
815, 1, 2, 3, 204.6, 2, 1
2.54873e+06, 3, 7, 18, 1819.84, 9, 1
187942, 2, 6, 15, 1499.46, 7, 1
1.79746e+07, 3, 8, 22, 2058.35, 11, 1
16016, 2, 4, 11, 1685.98, 6, 1
92999, 6, 10, 28, 3884.25, 16, 2
85995, 6, 10, 28, 3884.25, 16, 2
69642, 6, 10, 28, 3884.25, 16, 2
69024, 6, 10, 28, 3884.25, 16, 2
68953, 6, 10, 28, 3884.25, 16, 2
68978, 6, 10, 28, 3884.25, 16, 2
68947, 6, 10, 28, 3884.25, 16, 2
68978, 6, 10, 28, 3884.25, 16, 2
68948, 6, 10, 28, 3884.25, 16, 2
68979, 6, 10, 28, 3884.25, 16, 2
68949, 6, 10, 28, 3884.25, 16, 2
68979, 6, 10, 28, 3884.25, 16, 2
68949, 6, 10, 28, 3884.25, 16, 2
68979, 6, 10, 28, 3884.25, 16, 2
68949, 6, 10, 28, 3884.25, 16, 2
68979, 6, 10, 28, 3884.25, 16, 2
68949, 6, 10, 28, 3884.25, 16, 2
68979, 6, 10, 28, 3884.25, 16, 2
68948, 6, 10, 28, 3884.25, 16, 2
68979, 6, 10, 28, 3884.25, 16, 2
68960, 6, 10, 28, 3884.25, 16, 2
68997, 6, 10, 28, 3884.25, 16, 2
68967, 6, 10, 28, 3884.25, 16, 2
68998, 6, 10, 28, 3884.25, 16, 2
68967, 6, 10, 28, 3884.25, 16, 2
68998, 6, 10, 28, 3884.25, 16, 2
68968, 6, 10, 28, 3884.25, 16, 2
68998, 6, 10, 28, 3884.25, 16, 2
68967, 6, 10, 28, 3884.25, 16, 2
68998, 6, 10, 28, 3884.25, 16, 2
32141, 5, 7, 20, 2858.63, 12, 2
30465, 5, 7, 20, 2858.63, 12, 2
29507, 5, 7, 20, 2858.63, 12, 2
29374, 5, 7, 20, 2858.63, 12, 2
29390, 5, 7, 20, 2858.63, 12, 2
29362, 5, 7, 20, 2858.63, 12, 2
29391, 5, 7, 20, 2858.63, 12, 2
29362, 5, 7, 20, 2858.63, 12, 2
29391, 5, 7, 20, 2858.63, 12, 2
29361, 5, 7, 20, 2858.63, 12, 2
29390, 5, 7, 20, 2858.63, 12, 2
29362, 5, 7, 20, 2858.63, 12, 2
29390, 5, 7, 20, 2858.63, 12, 2
29362, 5, 7, 20, 2858.63, 12, 2
29391, 5, 7, 20, 2858.63, 12, 2
29361, 5, 7, 20, 2858.63, 12, 2
29390, 5, 7, 20, 2858.63, 12, 2
29361, 5, 7, 20, 2858.63, 12, 2
29390, 5, 7, 20, 2858.63, 12, 2
29361, 5, 7, 20, 2858.63, 12, 2
29391, 5, 7, 20, 2858.63, 12, 2
29361, 5, 7, 20, 2858.63, 12, 2
29391, 5, 7, 20, 2858.63, 12, 2
29361, 5, 7, 20, 2858.63, 12, 2
29390, 5, 7, 20, 2858.63, 12, 2
29361, 5, 7, 20, 2858.63, 12, 2
29390, 5, 7, 20, 2858.63, 12, 2
29361, 5, 7, 20, 2858.63, 12, 2
29391, 5, 7, 20, 2858.63, 12, 2
29361, 5, 7, 20, 2858.63, 12, 2
4779, 1, 4, 10, 1835.39, 5, 2
4232, 1, 4, 10, 1835.39, 5, 2
3695, 1, 4, 10, 1835.39, 5, 2
3659, 1, 4, 10, 1835.39, 5, 2
3661, 1, 4, 10, 1835.39, 5, 2
3661, 1, 4, 10, 1835.39, 5, 2
3656, 1, 4, 10, 1835.39, 5, 2
3657, 1, 4, 10, 1835.39, 5, 2
3656, 1, 4, 10, 1835.39, 5, 2
3656, 1, 4, 10, 1835.39, 5, 2
3656, 1, 4, 10, 1835.39, 5, 2
3656, 1, 4, 10, 1835.39, 5, 2
3656, 1, 4, 10, 1835.39, 5, 2
3656, 1, 4, 10, 1835.39, 5, 2
3656, 1, 4, 10, 1835.39, 5, 2
3656, 1, 4, 10, 1835.39, 5, 2
3657, 1, 4, 10, 1835.39, 5, 2
3656, 1, 4, 10, 1835.39, 5, 2
3656, 1, 4, 10, 1835.39, 5, 2
3656, 1, 4, 10, 1835.39, 5, 2
3656, 1, 4, 10, 1835.39, 5, 2
3656, 1, 4, 10, 1835.39, 5, 2
3656, 1, 4, 10, 1835.39, 5, 2
3656, 1, 4, 10, 1835.39, 5, 2
3657, 1, 4, 10, 1835.39, 5, 2
3656, 1, 4, 10, 1835.39, 5, 2
3657, 1, 4, 10, 1835.39, 5, 2
3655, 1, 4, 10, 1835.39, 5, 2
3656, 1, 4, 10, 1835.39, 5, 2
3655, 1, 4, 10, 1835.39, 5, 2
15602, 3, 6, 15, 2095.4, 9, 2
14644, 3, 6, 15, 2095.4, 9, 2
13822, 3, 6, 15, 2095.4, 9, 2
13809, 3, 6, 15, 2095.4, 9, 2
13815, 3, 6, 15, 2095.4, 9, 2
13813, 3, 6, 15, 2095.4, 9, 2
13815, 3, 6, 15, 2095.4, 9, 2
31906, 3, 6, 15, 2095.4, 9, 2
14112, 3, 6, 15, 2095.4, 9, 2
13934, 3, 6, 15, 2095.4, 9, 2
16404, 3, 6, 15, 2095.4, 9, 2
16418, 3, 6, 15, 2095.4, 9, 2
16396, 3, 6, 15, 2095.4, 9, 2
16393, 3, 6, 15, 2095.4, 9, 2
16396, 3, 6, 15, 2095.4, 9, 2
16398, 3, 6, 15, 2095.4, 9, 2
16396, 3, 6, 15, 2095.4, 9, 2
16399, 3, 6, 15, 2095.4, 9, 2
16396, 3, 6, 15, 2095.4, 9, 2
16399, 3, 6, 15, 2095.4, 9, 2
16566, 3, 6, 15, 2095.4, 9, 2
16450, 3, 6, 15, 2095.4, 9, 2
16444, 3, 6, 15, 2095.4, 9, 2
16442, 3, 6, 15, 2095.4, 9, 2
16447, 3, 6, 15, 2095.4, 9, 2
16449, 3, 6, 15, 2095.4, 9, 2
16447, 3, 6, 15, 2095.4, 9, 2
16450, 3, 6, 15, 2095.4, 9, 2
16441, 3, 6, 15, 2095.4, 9, 2
18772, 3, 6, 15, 2095.4, 9, 2
49901, 6, 8, 22, 3536.41, 14, 2
46762, 6, 8, 22, 3536.41, 14, 2
45392, 6, 8, 22, 3536.41, 14, 2
45054, 6, 8, 22, 3536.41, 14, 2
44994, 6, 8, 22, 3536.41, 14, 2
44945, 6, 8, 22, 3536.41, 14, 2
44986, 6, 8, 22, 3536.41, 14, 2
44945, 6, 8, 22, 3536.41, 14, 2
44985, 6, 8, 22, 3536.41, 14, 2
44945, 6, 8, 22, 3536.41, 14, 2
44985, 6, 8, 22, 3536.41, 14, 2
44944, 6, 8, 22, 3536.41, 14, 2
44986, 6, 8, 22, 3536.41, 14, 2
44945, 6, 8, 22, 3536.41, 14, 2
44984, 6, 8, 22, 3536.41, 14, 2
44945, 6, 8, 22, 3536.41, 14, 2
44987, 6, 8, 22, 3536.41, 14, 2
44947, 6, 8, 22, 3536.41, 14, 2
44987, 6, 8, 22, 3536.41, 14, 2
44947, 6, 8, 22, 3536.41, 14, 2
44987, 6, 8, 22, 3536.41, 14, 2
44946, 6, 8, 22, 3536.41, 14, 2
44987, 6, 8, 22, 3536.41, 14, 2
44947, 6, 8, 22, 3536.41, 14, 2
44987, 6, 8, 22, 3536.41, 14, 2
44946, 6, 8, 22, 3536.41, 14, 2
44987, 6, 8, 22, 3536.41, 14, 2
44948, 6, 8, 22, 3536.41, 14, 2
44987, 6, 8, 22, 3536.41, 14, 2
44947, 6, 8, 22, 3536.41, 14, 2
9215, 2, 5, 13, 3922.82, 7, 2
8692, 2, 5, 13, 3922.82, 7, 2
8033, 2, 5, 13, 3922.82, 7, 2
7927, 2, 5, 13, 3922.82, 7, 2
7905, 2, 5, 13, 3922.82, 7, 2
7908, 2, 5, 13, 3922.82, 7, 2
7905, 2, 5, 13, 3922.82, 7, 2
7907, 2, 5, 13, 3922.82, 7, 2
7905, 2, 5, 13, 3922.82, 7, 2
7906, 2, 5, 13, 3922.82, 7, 2
7905, 2, 5, 13, 3922.82, 7, 2
7907, 2, 5, 13, 3922.82, 7, 2
7905, 2, 5, 13, 3922.82, 7, 2
7907, 2, 5, 13, 3922.82, 7, 2
7905, 2, 5, 13, 3922.82, 7, 2
7907, 2, 5, 13, 3922.82, 7, 2
7905, 2, 5, 13, 3922.82, 7, 2
7907, 2, 5, 13, 3922.82, 7, 2
7905, 2, 5, 13, 3922.82, 7, 2
7907, 2, 5, 13, 3922.82, 7, 2
7905, 2, 5, 13, 3922.82, 7, 2
7907, 2, 5, 13, 3922.82, 7, 2
7905, 2, 5, 13, 3922.82, 7, 2
7907, 2, 5, 13, 3922.82, 7, 2
7904, 2, 5, 13, 3922.82, 7, 2
7907, 2, 5, 13, 3922.82, 7, 2
7904, 2, 5, 13, 3922.82, 7, 2
7907, 2, 5, 13, 3922.82, 7, 2
7904, 2, 5, 13, 3922.82, 7, 2
7907, 2, 5, 13, 3922.82, 7, 2
90688, 6, 11, 30, 3741.41, 17, 2
87917, 6, 11, 30, 3741.41, 17, 2
86783, 6, 11, 30, 3741.41, 17, 2
86609, 6, 11, 30, 3741.41, 17, 2
86650, 6, 11, 30, 3741.41, 17, 2
86648, 6, 11, 30, 3741.41, 17, 2
86646, 6, 11, 30, 3741.41, 17, 2
86646, 6, 11, 30, 3741.41, 17, 2
86645, 6, 11, 30, 3741.41, 17, 2
86645, 6, 11, 30, 3741.41, 17, 2
86649, 6, 11, 30, 3741.41, 17, 2
86646, 6, 11, 30, 3741.41, 17, 2
86650, 6, 11, 30, 3741.41, 17, 2
86644, 6, 11, 30, 3741.41, 17, 2
86640, 6, 11, 30, 3741.41, 17, 2
86644, 6, 11, 30, 3741.41, 17, 2
86641, 6, 11, 30, 3741.41, 17, 2
93896, 6, 11, 30, 3741.41, 17, 2
86527, 6, 11, 30, 3741.41, 17, 2
86532, 6, 11, 30, 3741.41, 17, 2
86527, 6, 11, 30, 3741.41, 17, 2
86526, 6, 11, 30, 3741.41, 17, 2
86527, 6, 11, 30, 3741.41, 17, 2
86526, 6, 11, 30, 3741.41, 17, 2
86527, 6, 11, 30, 3741.41, 17, 2
86525, 6, 11, 30, 3741.41, 17, 2
86526, 6, 11, 30, 3741.41, 17, 2
86526, 6, 11, 30, 3741.41, 17, 2
86527, 6, 11, 30, 3741.41, 17, 2
86526, 6, 11, 30, 3741.41, 17, 2
42129, 5, 8, 22, 3568.76, 13, 2
40702, 5, 8, 22, 3568.76, 13, 2
39377, 5, 8, 22, 3568.76, 13, 2
40416, 5, 8, 22, 3568.76, 13, 2
40107, 5, 8, 22, 3568.76, 13, 2
39965, 5, 8, 22, 3568.76, 13, 2
39925, 5, 8, 22, 3568.76, 13, 2
39786, 5, 8, 22, 3568.76, 13, 2
39705, 5, 8, 22, 3568.76, 13, 2
39785, 5, 8, 22, 3568.76, 13, 2
39728, 5, 8, 22, 3568.76, 13, 2
39734, 5, 8, 22, 3568.76, 13, 2
39652, 5, 8, 22, 3568.76, 13, 2
39768, 5, 8, 22, 3568.76, 13, 2
39714, 5, 8, 22, 3568.76, 13, 2
39749, 5, 8, 22, 3568.76, 13, 2
39657, 5, 8, 22, 3568.76, 13, 2
39756, 5, 8, 22, 3568.76, 13, 2
39727, 5, 8, 22, 3568.76, 13, 2
39737, 5, 8, 22, 3568.76, 13, 2
39670, 5, 8, 22, 3568.76, 13, 2
39762, 5, 8, 22, 3568.76, 13, 2
39769, 5, 8, 22, 3568.76, 13, 2
39755, 5, 8, 22, 3568.76, 13, 2
39660, 5, 8, 22, 3568.76, 13, 2
39762, 5, 8, 22, 3568.76, 13, 2
39736, 5, 8, 22, 3568.76, 13, 2
39745, 5, 8, 22, 3568.76, 13, 2
39659, 5, 8, 22, 3568.76, 13, 2
39743, 5, 8, 22, 3568.76, 13, 2
3028, 2, 2, 3, 1298.23, 4, 2
2653, 2, 2, 3, 1298.23, 4, 2
2295, 2, 2, 3, 1298.23, 4, 2
2253, 2, 2, 3, 1298.23, 4, 2
2248, 2, 2, 3, 1298.23, 4, 2
2248, 2, 2, 3, 1298.23, 4, 2
2252, 2, 2, 3, 1298.23, 4, 2
2248, 2, 2, 3, 1298.23, 4, 2
2248, 2, 2, 3, 1298.23, 4, 2
2255, 2, 2, 3, 1298.23, 4, 2
2249, 2, 2, 3, 1298.23, 4, 2
2252, 2, 2, 3, 1298.23, 4, 2
2248, 2, 2, 3, 1298.23, 4, 2
2254, 2, 2, 3, 1298.23, 4, 2
2275, 2, 2, 3, 1298.23, 4, 2
2250, 2, 2, 3, 1298.23, 4, 2
2256, 2, 2, 3, 1298.23, 4, 2
2255, 2, 2, 3, 1298.23, 4, 2
2255, 2, 2, 3, 1298.23, 4, 2
2255, 2, 2, 3, 1298.23, 4, 2
2255, 2, 2, 3, 1298.23, 4, 2
2255, 2, 2, 3, 1298.23, 4, 2
2255, 2, 2, 3, 1298.23, 4, 2
2254, 2, 2, 3, 1298.23, 4, 2
2263, 2, 2, 3, 1298.23, 4, 2
2259, 2, 2, 3, 1298.23, 4, 2
2259, 2, 2, 3, 1298.23, 4, 2
2255, 2, 2, 3, 1298.23, 4, 2
2258, 2, 2, 3, 1298.23, 4, 2
2256, 2, 2, 3, 1298.23, 4, 2
437, 1, 1, 0, 0, 1, 2
377, 1, 1, 0, 0, 1, 2
333, 1, 1, 0, 0, 1, 2
277, 1, 1, 0, 0, 1, 2
271, 1, 1, 0, 0, 1, 2
273, 1, 1, 0, 0, 1, 2
271, 1, 1, 0, 0, 1, 2
282, 1, 1, 0, 0, 1, 2
273, 1, 1, 0, 0, 1, 2
271, 1, 1, 0, 0, 1, 2
272, 1, 1, 0, 0, 1, 2
272, 1, 1, 0, 0, 1, 2
271, 1, 1, 0, 0, 1, 2
272, 1, 1, 0, 0, 1, 2
271, 1, 1, 0, 0, 1, 2
271, 1, 1, 0, 0, 1, 2
271, 1, 1, 0, 0, 1, 2
274, 1, 1, 0, 0, 1, 2
271, 1, 1, 0, 0, 1, 2
272, 1, 1, 0, 0, 1, 2
273, 1, 1, 0, 0, 1, 2
271, 1, 1, 0, 0, 1, 2
270, 1, 1, 0, 0, 1, 2
271, 1, 1, 0, 0, 1, 2
271, 1, 1, 0, 0, 1, 2
271, 1, 1, 0, 0, 1, 2
271, 1, 1, 0, 0, 1, 2
274, 1, 1, 0, 0, 1, 2
272, 1, 1, 0, 0, 1, 2
271, 1, 1, 0, 0, 1, 2
57852, 4, 11, 31, 3072.3, 15, 2
55974, 4, 11, 31, 3072.3, 15, 2
54503, 4, 11, 31, 3072.3, 15, 2
54174, 4, 11, 31, 3072.3, 15, 2
54142, 4, 11, 31, 3072.3, 15, 2
54119, 4, 11, 31, 3072.3, 15, 2
54123, 4, 11, 31, 3072.3, 15, 2
54122, 4, 11, 31, 3072.3, 15, 2
54121, 4, 11, 31, 3072.3, 15, 2
54127, 4, 11, 31, 3072.3, 15, 2
54141, 4, 11, 31, 3072.3, 15, 2
54140, 4, 11, 31, 3072.3, 15, 2
54137, 4, 11, 31, 3072.3, 15, 2
54140, 4, 11, 31, 3072.3, 15, 2
54137, 4, 11, 31, 3072.3, 15, 2
54139, 4, 11, 31, 3072.3, 15, 2
54137, 4, 11, 31, 3072.3, 15, 2
54140, 4, 11, 31, 3072.3, 15, 2
54137, 4, 11, 31, 3072.3, 15, 2
61440, 4, 11, 31, 3072.3, 15, 2
67948, 4, 11, 31, 3072.3, 15, 2
63503, 4, 11, 31, 3072.3, 15, 2
63502, 4, 11, 31, 3072.3, 15, 2
63500, 4, 11, 31, 3072.3, 15, 2
63752, 4, 11, 31, 3072.3, 15, 2
63500, 4, 11, 31, 3072.3, 15, 2
64980, 4, 11, 31, 3072.3, 15, 2
53896, 4, 11, 31, 3072.3, 15, 2
53894, 4, 11, 31, 3072.3, 15, 2
53897, 4, 11, 31, 3072.3, 15, 2
1514, 1, 2, 3, 204.6, 2, 2
1181, 1, 2, 3, 204.6, 2, 2
961, 1, 2, 3, 204.6, 2, 2
896, 1, 2, 3, 204.6, 2, 2
878, 1, 2, 3, 204.6, 2, 2
877, 1, 2, 3, 204.6, 2, 2
878, 1, 2, 3, 204.6, 2, 2
878, 1, 2, 3, 204.6, 2, 2
878, 1, 2, 3, 204.6, 2, 2
882, 1, 2, 3, 204.6, 2, 2
878, 1, 2, 3, 204.6, 2, 2
877, 1, 2, 3, 204.6, 2, 2
877, 1, 2, 3, 204.6, 2, 2
879, 1, 2, 3, 204.6, 2, 2
881, 1, 2, 3, 204.6, 2, 2
877, 1, 2, 3, 204.6, 2, 2
878, 1, 2, 3, 204.6, 2, 2
878, 1, 2, 3, 204.6, 2, 2
877, 1, 2, 3, 204.6, 2, 2
878, 1, 2, 3, 204.6, 2, 2
878, 1, 2, 3, 204.6, 2, 2
878, 1, 2, 3, 204.6, 2, 2
877, 1, 2, 3, 204.6, 2, 2
878, 1, 2, 3, 204.6, 2, 2
878, 1, 2, 3, 204.6, 2, 2
882, 1, 2, 3, 204.6, 2, 2
878, 1, 2, 3, 204.6, 2, 2
878, 1, 2, 3, 204.6, 2, 2
878, 1, 2, 3, 204.6, 2, 2
877, 1, 2, 3, 204.6, 2, 2
18722, 3, 7, 18, 1831.23, 9, 2
17943, 3, 7, 18, 1831.23, 9, 2
17291, 3, 7, 18, 1831.23, 9, 2
17267, 3, 7, 18, 1831.23, 9, 2
17286, 3, 7, 18, 1831.23, 9, 2
17246, 3, 7, 18, 1831.23, 9, 2
17247, 3, 7, 18, 1831.23, 9, 2
17248, 3, 7, 18, 1831.23, 9, 2
23561, 3, 7, 18, 1831.23, 9, 2
20318, 3, 7, 18, 1831.23, 9, 2
20335, 3, 7, 18, 1831.23, 9, 2
20320, 3, 7, 18, 1831.23, 9, 2
20326, 3, 7, 18, 1831.23, 9, 2
20326, 3, 7, 18, 1831.23, 9, 2
20337, 3, 7, 18, 1831.23, 9, 2
20323, 3, 7, 18, 1831.23, 9, 2
20334, 3, 7, 18, 1831.23, 9, 2
20578, 3, 7, 18, 1831.23, 9, 2
20323, 3, 7, 18, 1831.23, 9, 2
20324, 3, 7, 18, 1831.23, 9, 2
20324, 3, 7, 18, 1831.23, 9, 2
20323, 3, 7, 18, 1831.23, 9, 2
20324, 3, 7, 18, 1831.23, 9, 2
20678, 3, 7, 18, 1831.23, 9, 2
20493, 3, 7, 18, 1831.23, 9, 2
20381, 3, 7, 18, 1831.23, 9, 2
20372, 3, 7, 18, 1831.23, 9, 2
20368, 3, 7, 18, 1831.23, 9, 2
20368, 3, 7, 18, 1831.23, 9, 2
20367, 3, 7, 18, 1831.23, 9, 2
13436, 2, 6, 15, 2442.96, 8, 2
12691, 2, 6, 15, 2442.96, 8, 2
11973, 2, 6, 15, 2442.96, 8, 2
11946, 2, 6, 15, 2442.96, 8, 2
11946, 2, 6, 15, 2442.96, 8, 2
11942, 2, 6, 15, 2442.96, 8, 2
11942, 2, 6, 15, 2442.96, 8, 2
11934, 2, 6, 15, 2442.96, 8, 2
11937, 2, 6, 15, 2442.96, 8, 2
11935, 2, 6, 15, 2442.96, 8, 2
11950, 2, 6, 15, 2442.96, 8, 2
11938, 2, 6, 15, 2442.96, 8, 2
11942, 2, 6, 15, 2442.96, 8, 2
11934, 2, 6, 15, 2442.96, 8, 2
15220, 2, 6, 15, 2442.96, 8, 2
11931, 2, 6, 15, 2442.96, 8, 2
11945, 2, 6, 15, 2442.96, 8, 2
11943, 2, 6, 15, 2442.96, 8, 2
11945, 2, 6, 15, 2442.96, 8, 2
11932, 2, 6, 15, 2442.96, 8, 2
11941, 2, 6, 15, 2442.96, 8, 2
11930, 2, 6, 15, 2442.96, 8, 2
11942, 2, 6, 15, 2442.96, 8, 2
11932, 2, 6, 15, 2442.96, 8, 2
11942, 2, 6, 15, 2442.96, 8, 2
11929, 2, 6, 15, 2442.96, 8, 2
11939, 2, 6, 15, 2442.96, 8, 2
11930, 2, 6, 15, 2442.96, 8, 2
11944, 2, 6, 15, 2442.96, 8, 2
11930, 2, 6, 15, 2442.96, 8, 2
28476, 3, 8, 22, 2515.75, 11, 2
27779, 3, 8, 22, 2515.75, 11, 2
26800, 3, 8, 22, 2515.75, 11, 2
26695, 3, 8, 22, 2515.75, 11, 2
26679, 3, 8, 22, 2515.75, 11, 2
26692, 3, 8, 22, 2515.75, 11, 2
26935, 3, 8, 22, 2515.75, 11, 2
26687, 3, 8, 22, 2515.75, 11, 2
26697, 3, 8, 22, 2515.75, 11, 2
26687, 3, 8, 22, 2515.75, 11, 2
26674, 3, 8, 22, 2515.75, 11, 2
26935, 3, 8, 22, 2515.75, 11, 2
26680, 3, 8, 22, 2515.75, 11, 2
26683, 3, 8, 22, 2515.75, 11, 2
26680, 3, 8, 22, 2515.75, 11, 2
26682, 3, 8, 22, 2515.75, 11, 2
26680, 3, 8, 22, 2515.75, 11, 2
26686, 3, 8, 22, 2515.75, 11, 2
26686, 3, 8, 22, 2515.75, 11, 2
26682, 3, 8, 22, 2515.75, 11, 2
26681, 3, 8, 22, 2515.75, 11, 2
26688, 3, 8, 22, 2515.75, 11, 2
26680, 3, 8, 22, 2515.75, 11, 2
26682, 3, 8, 22, 2515.75, 11, 2
30702, 3, 8, 22, 2515.75, 11, 2
22651, 3, 8, 22, 2515.75, 11, 2
22640, 3, 8, 22, 2515.75, 11, 2
22641, 3, 8, 22, 2515.75, 11, 2
22640, 3, 8, 22, 2515.75, 11, 2
22641, 3, 8, 22, 2515.75, 11, 2
6523, 2, 4, 11, 2668.1, 6, 2
6015, 2, 4, 11, 2668.1, 6, 2
5415, 2, 4, 11, 2668.1, 6, 2
5364, 2, 4, 11, 2668.1, 6, 2
5364, 2, 4, 11, 2668.1, 6, 2
5365, 2, 4, 11, 2668.1, 6, 2
5367, 2, 4, 11, 2668.1, 6, 2
5365, 2, 4, 11, 2668.1, 6, 2
5365, 2, 4, 11, 2668.1, 6, 2
5363, 2, 4, 11, 2668.1, 6, 2
5362, 2, 4, 11, 2668.1, 6, 2
5362, 2, 4, 11, 2668.1, 6, 2
5363, 2, 4, 11, 2668.1, 6, 2
5363, 2, 4, 11, 2668.1, 6, 2
5363, 2, 4, 11, 2668.1, 6, 2
5363, 2, 4, 11, 2668.1, 6, 2
5363, 2, 4, 11, 2668.1, 6, 2
5362, 2, 4, 11, 2668.1, 6, 2
5363, 2, 4, 11, 2668.1, 6, 2
5363, 2, 4, 11, 2668.1, 6, 2
5363, 2, 4, 11, 2668.1, 6, 2
5364, 2, 4, 11, 2668.1, 6, 2
5363, 2, 4, 11, 2668.1, 6, 2
5363, 2, 4, 11, 2668.1, 6, 2
5362, 2, 4, 11, 2668.1, 6, 2
5363, 2, 4, 11, 2668.1, 6, 2
5362, 2, 4, 11, 2668.1, 6, 2
5363, 2, 4, 11, 2668.1, 6, 2
5362, 2, 4, 11, 2668.1, 6, 2
5362, 2, 4, 11, 2668.1, 6, 2
126692, 6, 10, 28, 3884.25, 16, 3, A
119506, 6, 10, 28, 3884.25, 16, 3, A
120717, 6, 10, 28, 3884.25, 16, 3, A
118913, 6, 10, 28, 3884.25, 16, 3, A
119543, 6, 10, 28, 3884.25, 16, 3, A
113667, 6, 10, 28, 3884.25, 16, 3, A
118954, 6, 10, 28, 3884.25, 16, 3, A
119327, 6, 10, 28, 3884.25, 16, 3, A
118509, 6, 10, 28, 3884.25, 16, 3, A
118730, 6, 10, 28, 3884.25, 16, 3, A
121002, 6, 10, 28, 3884.25, 16, 3, A
114530, 6, 10, 28, 3884.25, 16, 3, A
116942, 6, 10, 28, 3884.25, 16, 3, A
120003, 6, 10, 28, 3884.25, 16, 3, A
118403, 6, 10, 28, 3884.25, 16, 3, A
119124, 6, 10, 28, 3884.25, 16, 3, A
113402, 6, 10, 28, 3884.25, 16, 3, A
118203, 6, 10, 28, 3884.25, 16, 3, A
119271, 6, 10, 28, 3884.25, 16, 3, A
118271, 6, 10, 28, 3884.25, 16, 3, A
118556, 6, 10, 28, 3884.25, 16, 3, A
120670, 6, 10, 28, 3884.25, 16, 3, A
114042, 6, 10, 28, 3884.25, 16, 3, A
116697, 6, 10, 28, 3884.25, 16, 3, A
119976, 6, 10, 28, 3884.25, 16, 3, A
145018, 6, 10, 28, 3884.25, 16, 3, A
141965, 6, 10, 28, 3884.25, 16, 3, A
128716, 6, 10, 28, 3884.25, 16, 3, A
117819, 6, 10, 28, 3884.25, 16, 3, A
118936, 6, 10, 28, 3884.25, 16, 3, A
62638, 5, 7, 20, 2849.67, 12, 3, A
59055, 5, 7, 20, 2849.67, 12, 3, A
57291, 5, 7, 20, 2849.67, 12, 3, A
56858, 5, 7, 20, 2849.67, 12, 3, A
56846, 5, 7, 20, 2849.67, 12, 3, A
56826, 5, 7, 20, 2849.67, 12, 3, A
56858, 5, 7, 20, 2849.67, 12, 3, A
56812, 5, 7, 20, 2849.67, 12, 3, A
56860, 5, 7, 20, 2849.67, 12, 3, A
56825, 5, 7, 20, 2849.67, 12, 3, A
56841, 5, 7, 20, 2849.67, 12, 3, A
56825, 5, 7, 20, 2849.67, 12, 3, A
56848, 5, 7, 20, 2849.67, 12, 3, A
56813, 5, 7, 20, 2849.67, 12, 3, A
56856, 5, 7, 20, 2849.67, 12, 3, A
56821, 5, 7, 20, 2849.67, 12, 3, A
56850, 5, 7, 20, 2849.67, 12, 3, A
56828, 5, 7, 20, 2849.67, 12, 3, A
56847, 5, 7, 20, 2849.67, 12, 3, A
56824, 5, 7, 20, 2849.67, 12, 3, A
56855, 5, 7, 20, 2849.67, 12, 3, A
56820, 5, 7, 20, 2849.67, 12, 3, A
56847, 5, 7, 20, 2849.67, 12, 3, A
56821, 5, 7, 20, 2849.67, 12, 3, A
56857, 5, 7, 20, 2849.67, 12, 3, A
56821, 5, 7, 20, 2849.67, 12, 3, A
56852, 5, 7, 20, 2849.67, 12, 3, A
56833, 5, 7, 20, 2849.67, 12, 3, A
56850, 5, 7, 20, 2849.67, 12, 3, A
56819, 5, 7, 20, 2849.67, 12, 3, A
6004, 1, 4, 10, 1835.39, 5, 3, A
5259, 1, 4, 10, 1835.39, 5, 3, A
4552, 1, 4, 10, 1835.39, 5, 3, A
4440, 1, 4, 10, 1835.39, 5, 3, A
4428, 1, 4, 10, 1835.39, 5, 3, A
4429, 1, 4, 10, 1835.39, 5, 3, A
4435, 1, 4, 10, 1835.39, 5, 3, A
4430, 1, 4, 10, 1835.39, 5, 3, A
4434, 1, 4, 10, 1835.39, 5, 3, A
4431, 1, 4, 10, 1835.39, 5, 3, A
4436, 1, 4, 10, 1835.39, 5, 3, A
4420, 1, 4, 10, 1835.39, 5, 3, A
4436, 1, 4, 10, 1835.39, 5, 3, A
4432, 1, 4, 10, 1835.39, 5, 3, A
4432, 1, 4, 10, 1835.39, 5, 3, A
4431, 1, 4, 10, 1835.39, 5, 3, A
4435, 1, 4, 10, 1835.39, 5, 3, A
4428, 1, 4, 10, 1835.39, 5, 3, A
4437, 1, 4, 10, 1835.39, 5, 3, A
4430, 1, 4, 10, 1835.39, 5, 3, A
4433, 1, 4, 10, 1835.39, 5, 3, A
4430, 1, 4, 10, 1835.39, 5, 3, A
4436, 1, 4, 10, 1835.39, 5, 3, A
4428, 1, 4, 10, 1835.39, 5, 3, A
4437, 1, 4, 10, 1835.39, 5, 3, A
4430, 1, 4, 10, 1835.39, 5, 3, A
4434, 1, 4, 10, 1835.39, 5, 3, A
4431, 1, 4, 10, 1835.39, 5, 3, A
4436, 1, 4, 10, 1835.39, 5, 3, A
4428, 1, 4, 10, 1835.39, 5, 3, A
20422, 3, 6, 15, 2095.4, 9, 3, A
18816, 3, 6, 15, 2095.4, 9, 3, A
17677, 3, 6, 15, 2095.4, 9, 3, A
17440, 3, 6, 15, 2095.4, 9, 3, A
17459, 3, 6, 15, 2095.4, 9, 3, A
17432, 3, 6, 15, 2095.4, 9, 3, A
17443, 3, 6, 15, 2095.4, 9, 3, A
17455, 3, 6, 15, 2095.4, 9, 3, A
17441, 3, 6, 15, 2095.4, 9, 3, A
17448, 3, 6, 15, 2095.4, 9, 3, A
17447, 3, 6, 15, 2095.4, 9, 3, A
17431, 3, 6, 15, 2095.4, 9, 3, A
17450, 3, 6, 15, 2095.4, 9, 3, A
17448, 3, 6, 15, 2095.4, 9, 3, A
17434, 3, 6, 15, 2095.4, 9, 3, A
17447, 3, 6, 15, 2095.4, 9, 3, A
17457, 3, 6, 15, 2095.4, 9, 3, A
17439, 3, 6, 15, 2095.4, 9, 3, A
17441, 3, 6, 15, 2095.4, 9, 3, A
17455, 3, 6, 15, 2095.4, 9, 3, A
17434, 3, 6, 15, 2095.4, 9, 3, A
17441, 3, 6, 15, 2095.4, 9, 3, A
17457, 3, 6, 15, 2095.4, 9, 3, A
17439, 3, 6, 15, 2095.4, 9, 3, A
17450, 3, 6, 15, 2095.4, 9, 3, A
17455, 3, 6, 15, 2095.4, 9, 3, A
17432, 3, 6, 15, 2095.4, 9, 3, A
17442, 3, 6, 15, 2095.4, 9, 3, A
17452, 3, 6, 15, 2095.4, 9, 3, A
17433, 3, 6, 15, 2095.4, 9, 3, A
112562, 6, 8, 22, 3500.35, 14, 3, A
106846, 6, 8, 22, 3500.35, 14, 3, A
103299, 6, 8, 22, 3500.35, 14, 3, A
102511, 6, 8, 22, 3500.35, 14, 3, A
123538, 6, 8, 22, 3500.35, 14, 3, A
120588, 6, 8, 22, 3500.35, 14, 3, A
120815, 6, 8, 22, 3500.35, 14, 3, A
116510, 6, 8, 22, 3500.35, 14, 3, A
102296, 6, 8, 22, 3500.35, 14, 3, A
102308, 6, 8, 22, 3500.35, 14, 3, A
102307, 6, 8, 22, 3500.35, 14, 3, A
102303, 6, 8, 22, 3500.35, 14, 3, A
102300, 6, 8, 22, 3500.35, 14, 3, A
102327, 6, 8, 22, 3500.35, 14, 3, A
102284, 6, 8, 22, 3500.35, 14, 3, A
102310, 6, 8, 22, 3500.35, 14, 3, A
102318, 6, 8, 22, 3500.35, 14, 3, A
102310, 6, 8, 22, 3500.35, 14, 3, A
102282, 6, 8, 22, 3500.35, 14, 3, A
102320, 6, 8, 22, 3500.35, 14, 3, A
102295, 6, 8, 22, 3500.35, 14, 3, A
102308, 6, 8, 22, 3500.35, 14, 3, A
102307, 6, 8, 22, 3500.35, 14, 3, A
102305, 6, 8, 22, 3500.35, 14, 3, A
102298, 6, 8, 22, 3500.35, 14, 3, A
102318, 6, 8, 22, 3500.35, 14, 3, A
102281, 6, 8, 22, 3500.35, 14, 3, A
102310, 6, 8, 22, 3500.35, 14, 3, A
102316, 6, 8, 22, 3500.35, 14, 3, A
102301, 6, 8, 22, 3500.35, 14, 3, A
12069, 2, 5, 13, 3922.82, 7, 3, A
10826, 2, 5, 13, 3922.82, 7, 3, A
10050, 2, 5, 13, 3922.82, 7, 3, A
9835, 2, 5, 13, 3922.82, 7, 3, A
9812, 2, 5, 13, 3922.82, 7, 3, A
9812, 2, 5, 13, 3922.82, 7, 3, A
9807, 2, 5, 13, 3922.82, 7, 3, A
9814, 2, 5, 13, 3922.82, 7, 3, A
9805, 2, 5, 13, 3922.82, 7, 3, A
9811, 2, 5, 13, 3922.82, 7, 3, A
9804, 2, 5, 13, 3922.82, 7, 3, A
9806, 2, 5, 13, 3922.82, 7, 3, A
9807, 2, 5, 13, 3922.82, 7, 3, A
9806, 2, 5, 13, 3922.82, 7, 3, A
9805, 2, 5, 13, 3922.82, 7, 3, A
9810, 2, 5, 13, 3922.82, 7, 3, A
9809, 2, 5, 13, 3922.82, 7, 3, A
9811, 2, 5, 13, 3922.82, 7, 3, A
9805, 2, 5, 13, 3922.82, 7, 3, A
9811, 2, 5, 13, 3922.82, 7, 3, A
9808, 2, 5, 13, 3922.82, 7, 3, A
9811, 2, 5, 13, 3922.82, 7, 3, A
9808, 2, 5, 13, 3922.82, 7, 3, A
9815, 2, 5, 13, 3922.82, 7, 3, A
9804, 2, 5, 13, 3922.82, 7, 3, A
9814, 2, 5, 13, 3922.82, 7, 3, A
9807, 2, 5, 13, 3922.82, 7, 3, A
9814, 2, 5, 13, 3922.82, 7, 3, A
9807, 2, 5, 13, 3922.82, 7, 3, A
9811, 2, 5, 13, 3922.82, 7, 3, A
127484, 6, 11, 30, 3741.41, 17, 3, A
122565, 6, 11, 30, 3741.41, 17, 3, A
121033, 6, 11, 30, 3741.41, 17, 3, A
120614, 6, 11, 30, 3741.41, 17, 3, A
120637, 6, 11, 30, 3741.41, 17, 3, A
149045, 6, 11, 30, 3741.41, 17, 3, A
142677, 6, 11, 30, 3741.41, 17, 3, A
146027, 6, 11, 30, 3741.41, 17, 3, A
120815, 6, 11, 30, 3741.41, 17, 3, A
120826, 6, 11, 30, 3741.41, 17, 3, A
120888, 6, 11, 30, 3741.41, 17, 3, A
120813, 6, 11, 30, 3741.41, 17, 3, A
120882, 6, 11, 30, 3741.41, 17, 3, A
120807, 6, 11, 30, 3741.41, 17, 3, A
120872, 6, 11, 30, 3741.41, 17, 3, A
120872, 6, 11, 30, 3741.41, 17, 3, A
120828, 6, 11, 30, 3741.41, 17, 3, A
120872, 6, 11, 30, 3741.41, 17, 3, A
120844, 6, 11, 30, 3741.41, 17, 3, A
120883, 6, 11, 30, 3741.41, 17, 3, A
120817, 6, 11, 30, 3741.41, 17, 3, A
120834, 6, 11, 30, 3741.41, 17, 3, A
120885, 6, 11, 30, 3741.41, 17, 3, A
120836, 6, 11, 30, 3741.41, 17, 3, A
120893, 6, 11, 30, 3741.41, 17, 3, A
120825, 6, 11, 30, 3741.41, 17, 3, A
120879, 6, 11, 30, 3741.41, 17, 3, A
120869, 6, 11, 30, 3741.41, 17, 3, A
120835, 6, 11, 30, 3741.41, 17, 3, A
120868, 6, 11, 30, 3741.41, 17, 3, A
80297, 5, 8, 22, 3385.32, 13, 3, A
73292, 5, 8, 22, 3385.32, 13, 3, A
76903, 5, 8, 22, 3385.32, 13, 3, A
74533, 5, 8, 22, 3385.32, 13, 3, A
71957, 5, 8, 22, 3385.32, 13, 3, A
71574, 5, 8, 22, 3385.32, 13, 3, A
72771, 5, 8, 22, 3385.32, 13, 3, A
73652, 5, 8, 22, 3385.32, 13, 3, A
75649, 5, 8, 22, 3385.32, 13, 3, A
76899, 5, 8, 22, 3385.32, 13, 3, A
88728, 5, 8, 22, 3385.32, 13, 3, A
89362, 5, 8, 22, 3385.32, 13, 3, A
87279, 5, 8, 22, 3385.32, 13, 3, A
86465, 5, 8, 22, 3385.32, 13, 3, A
83412, 5, 8, 22, 3385.32, 13, 3, A
85172, 5, 8, 22, 3385.32, 13, 3, A
89041, 5, 8, 22, 3385.32, 13, 3, A
86740, 5, 8, 22, 3385.32, 13, 3, A
84800, 5, 8, 22, 3385.32, 13, 3, A
87624, 5, 8, 22, 3385.32, 13, 3, A
85155, 5, 8, 22, 3385.32, 13, 3, A
84882, 5, 8, 22, 3385.32, 13, 3, A
84898, 5, 8, 22, 3385.32, 13, 3, A
87842, 5, 8, 22, 3385.32, 13, 3, A
87968, 5, 8, 22, 3385.32, 13, 3, A
90216, 5, 8, 22, 3385.32, 13, 3, A
85457, 5, 8, 22, 3385.32, 13, 3, A
89099, 5, 8, 22, 3385.32, 13, 3, A
87048, 5, 8, 22, 3385.32, 13, 3, A
86240, 5, 8, 22, 3385.32, 13, 3, A
6074, 2, 2, 3, 1298.23, 4, 3, A
5509, 2, 2, 3, 1298.23, 4, 3, A
4737, 2, 2, 3, 1298.23, 4, 3, A
4642, 2, 2, 3, 1298.23, 4, 3, A
4619, 2, 2, 3, 1298.23, 4, 3, A
4609, 2, 2, 3, 1298.23, 4, 3, A
4607, 2, 2, 3, 1298.23, 4, 3, A
4617, 2, 2, 3, 1298.23, 4, 3, A
4617, 2, 2, 3, 1298.23, 4, 3, A
4628, 2, 2, 3, 1298.23, 4, 3, A
4622, 2, 2, 3, 1298.23, 4, 3, A
4622, 2, 2, 3, 1298.23, 4, 3, A
4622, 2, 2, 3, 1298.23, 4, 3, A
4621, 2, 2, 3, 1298.23, 4, 3, A
4614, 2, 2, 3, 1298.23, 4, 3, A
4611, 2, 2, 3, 1298.23, 4, 3, A
4612, 2, 2, 3, 1298.23, 4, 3, A
4607, 2, 2, 3, 1298.23, 4, 3, A
4605, 2, 2, 3, 1298.23, 4, 3, A
4610, 2, 2, 3, 1298.23, 4, 3, A
4616, 2, 2, 3, 1298.23, 4, 3, A
4628, 2, 2, 3, 1298.23, 4, 3, A
4621, 2, 2, 3, 1298.23, 4, 3, A
4619, 2, 2, 3, 1298.23, 4, 3, A
4618, 2, 2, 3, 1298.23, 4, 3, A
4624, 2, 2, 3, 1298.23, 4, 3, A
4625, 2, 2, 3, 1298.23, 4, 3, A
4623, 2, 2, 3, 1298.23, 4, 3, A
4631, 2, 2, 3, 1298.23, 4, 3, A
4749, 2, 2, 3, 1298.23, 4, 3, A
1820, 1, 1, 0, 0, 1, 3, A
1395, 1, 1, 0, 0, 1, 3, A
1279, 1, 1, 0, 0, 1, 3, A
1144, 1, 1, 0, 0, 1, 3, A
1120, 1, 1, 0, 0, 1, 3, A
1122, 1, 1, 0, 0, 1, 3, A
1122, 1, 1, 0, 0, 1, 3, A
1119, 1, 1, 0, 0, 1, 3, A
1126, 1, 1, 0, 0, 1, 3, A
1112, 1, 1, 0, 0, 1, 3, A
1124, 1, 1, 0, 0, 1, 3, A
1131, 1, 1, 0, 0, 1, 3, A
1124, 1, 1, 0, 0, 1, 3, A
1116, 1, 1, 0, 0, 1, 3, A
1125, 1, 1, 0, 0, 1, 3, A
1114, 1, 1, 0, 0, 1, 3, A
1120, 1, 1, 0, 0, 1, 3, A
1124, 1, 1, 0, 0, 1, 3, A
1123, 1, 1, 0, 0, 1, 3, A
1124, 1, 1, 0, 0, 1, 3, A
1123, 1, 1, 0, 0, 1, 3, A
1399, 1, 1, 0, 0, 1, 3, A
1127, 1, 1, 0, 0, 1, 3, A
1119, 1, 1, 0, 0, 1, 3, A
1120, 1, 1, 0, 0, 1, 3, A
1119, 1, 1, 0, 0, 1, 3, A
1121, 1, 1, 0, 0, 1, 3, A
1112, 1, 1, 0, 0, 1, 3, A
1120, 1, 1, 0, 0, 1, 3, A
1120, 1, 1, 0, 0, 1, 3, A
89000, 4, 11, 31, 3072.3, 15, 3, A
69050, 4, 11, 31, 3072.3, 15, 3, A
66794, 4, 11, 31, 3072.3, 15, 3, A
66081, 4, 11, 31, 3072.3, 15, 3, A
65782, 4, 11, 31, 3072.3, 15, 3, A
65705, 4, 11, 31, 3072.3, 15, 3, A
65786, 4, 11, 31, 3072.3, 15, 3, A
65788, 4, 11, 31, 3072.3, 15, 3, A
65786, 4, 11, 31, 3072.3, 15, 3, A
65711, 4, 11, 31, 3072.3, 15, 3, A
65780, 4, 11, 31, 3072.3, 15, 3, A
65784, 4, 11, 31, 3072.3, 15, 3, A
65786, 4, 11, 31, 3072.3, 15, 3, A
65698, 4, 11, 31, 3072.3, 15, 3, A
65794, 4, 11, 31, 3072.3, 15, 3, A
65766, 4, 11, 31, 3072.3, 15, 3, A
65775, 4, 11, 31, 3072.3, 15, 3, A
65702, 4, 11, 31, 3072.3, 15, 3, A
65795, 4, 11, 31, 3072.3, 15, 3, A
65770, 4, 11, 31, 3072.3, 15, 3, A
65762, 4, 11, 31, 3072.3, 15, 3, A
65695, 4, 11, 31, 3072.3, 15, 3, A
65781, 4, 11, 31, 3072.3, 15, 3, A
69074, 4, 11, 31, 3072.3, 15, 3, A
77197, 4, 11, 31, 3072.3, 15, 3, A
77457, 4, 11, 31, 3072.3, 15, 3, A
77543, 4, 11, 31, 3072.3, 15, 3, A
77777, 4, 11, 31, 3072.3, 15, 3, A
77524, 4, 11, 31, 3072.3, 15, 3, A
75922, 4, 11, 31, 3072.3, 15, 3, A
2381, 1, 2, 3, 204.6, 2, 3, A
2057, 1, 2, 3, 204.6, 2, 3, A
1850, 1, 2, 3, 204.6, 2, 3, A
1626, 1, 2, 3, 204.6, 2, 3, A
1640, 1, 2, 3, 204.6, 2, 3, A
1641, 1, 2, 3, 204.6, 2, 3, A
1634, 1, 2, 3, 204.6, 2, 3, A
1624, 1, 2, 3, 204.6, 2, 3, A
1635, 1, 2, 3, 204.6, 2, 3, A
1631, 1, 2, 3, 204.6, 2, 3, A
1634, 1, 2, 3, 204.6, 2, 3, A
1632, 1, 2, 3, 204.6, 2, 3, A
1635, 1, 2, 3, 204.6, 2, 3, A
1631, 1, 2, 3, 204.6, 2, 3, A
1634, 1, 2, 3, 204.6, 2, 3, A
1631, 1, 2, 3, 204.6, 2, 3, A
1635, 1, 2, 3, 204.6, 2, 3, A
1631, 1, 2, 3, 204.6, 2, 3, A
1635, 1, 2, 3, 204.6, 2, 3, A
1631, 1, 2, 3, 204.6, 2, 3, A
1634, 1, 2, 3, 204.6, 2, 3, A
1631, 1, 2, 3, 204.6, 2, 3, A
1635, 1, 2, 3, 204.6, 2, 3, A
1631, 1, 2, 3, 204.6, 2, 3, A
1635, 1, 2, 3, 204.6, 2, 3, A
1632, 1, 2, 3, 204.6, 2, 3, A
1634, 1, 2, 3, 204.6, 2, 3, A
1631, 1, 2, 3, 204.6, 2, 3, A
1634, 1, 2, 3, 204.6, 2, 3, A
1632, 1, 2, 3, 204.6, 2, 3, A
24260, 3, 7, 18, 1831.23, 9, 3, A
22675, 3, 7, 18, 1831.23, 9, 3, A
21706, 3, 7, 18, 1831.23, 9, 3, A
21658, 3, 7, 18, 1831.23, 9, 3, A
21625, 3, 7, 18, 1831.23, 9, 3, A
21651, 3, 7, 18, 1831.23, 9, 3, A
21624, 3, 7, 18, 1831.23, 9, 3, A
21642, 3, 7, 18, 1831.23, 9, 3, A
21625, 3, 7, 18, 1831.23, 9, 3, A
21649, 3, 7, 18, 1831.23, 9, 3, A
21626, 3, 7, 18, 1831.23, 9, 3, A
21642, 3, 7, 18, 1831.23, 9, 3, A
21624, 3, 7, 18, 1831.23, 9, 3, A
21650, 3, 7, 18, 1831.23, 9, 3, A
21625, 3, 7, 18, 1831.23, 9, 3, A
21640, 3, 7, 18, 1831.23, 9, 3, A
21626, 3, 7, 18, 1831.23, 9, 3, A
21650, 3, 7, 18, 1831.23, 9, 3, A
21623, 3, 7, 18, 1831.23, 9, 3, A
21642, 3, 7, 18, 1831.23, 9, 3, A
21626, 3, 7, 18, 1831.23, 9, 3, A
21649, 3, 7, 18, 1831.23, 9, 3, A
21626, 3, 7, 18, 1831.23, 9, 3, A
21642, 3, 7, 18, 1831.23, 9, 3, A
21624, 3, 7, 18, 1831.23, 9, 3, A
21651, 3, 7, 18, 1831.23, 9, 3, A
21626, 3, 7, 18, 1831.23, 9, 3, A
21640, 3, 7, 18, 1831.23, 9, 3, A
21626, 3, 7, 18, 1831.23, 9, 3, A
21650, 3, 7, 18, 1831.23, 9, 3, A
13495, 2, 6, 15, 2442.96, 8, 3, A
12514, 2, 6, 15, 2442.96, 8, 3, A
11663, 2, 6, 15, 2442.96, 8, 3, A
11603, 2, 6, 15, 2442.96, 8, 3, A
11621, 2, 6, 15, 2442.96, 8, 3, A
11591, 2, 6, 15, 2442.96, 8, 3, A
11613, 2, 6, 15, 2442.96, 8, 3, A
11591, 2, 6, 15, 2442.96, 8, 3, A
11733, 2, 6, 15, 2442.96, 8, 3, A
11594, 2, 6, 15, 2442.96, 8, 3, A
11620, 2, 6, 15, 2442.96, 8, 3, A
11593, 2, 6, 15, 2442.96, 8, 3, A
11612, 2, 6, 15, 2442.96, 8, 3, A
11590, 2, 6, 15, 2442.96, 8, 3, A
11613, 2, 6, 15, 2442.96, 8, 3, A
11595, 2, 6, 15, 2442.96, 8, 3, A
11615, 2, 6, 15, 2442.96, 8, 3, A
11593, 2, 6, 15, 2442.96, 8, 3, A
11612, 2, 6, 15, 2442.96, 8, 3, A
11590, 2, 6, 15, 2442.96, 8, 3, A
11612, 2, 6, 15, 2442.96, 8, 3, A
11590, 2, 6, 15, 2442.96, 8, 3, A
11612, 2, 6, 15, 2442.96, 8, 3, A
11589, 2, 6, 15, 2442.96, 8, 3, A
11613, 2, 6, 15, 2442.96, 8, 3, A
11590, 2, 6, 15, 2442.96, 8, 3, A
11612, 2, 6, 15, 2442.96, 8, 3, A
11591, 2, 6, 15, 2442.96, 8, 3, A
11613, 2, 6, 15, 2442.96, 8, 3, A
11593, 2, 6, 15, 2442.96, 8, 3, A
33289, 3, 8, 22, 2515.75, 11, 3, A
30146, 3, 8, 22, 2515.75, 11, 3, A
28821, 3, 8, 22, 2515.75, 11, 3, A
28540, 3, 8, 22, 2515.75, 11, 3, A
28438, 3, 8, 22, 2515.75, 11, 3, A
28502, 3, 8, 22, 2515.75, 11, 3, A
28434, 3, 8, 22, 2515.75, 11, 3, A
28499, 3, 8, 22, 2515.75, 11, 3, A
28434, 3, 8, 22, 2515.75, 11, 3, A
28499, 3, 8, 22, 2515.75, 11, 3, A
28432, 3, 8, 22, 2515.75, 11, 3, A
28485, 3, 8, 22, 2515.75, 11, 3, A
28438, 3, 8, 22, 2515.75, 11, 3, A
28501, 3, 8, 22, 2515.75, 11, 3, A
28432, 3, 8, 22, 2515.75, 11, 3, A
28506, 3, 8, 22, 2515.75, 11, 3, A
28442, 3, 8, 22, 2515.75, 11, 3, A
28499, 3, 8, 22, 2515.75, 11, 3, A
28433, 3, 8, 22, 2515.75, 11, 3, A
28487, 3, 8, 22, 2515.75, 11, 3, A
28436, 3, 8, 22, 2515.75, 11, 3, A
28499, 3, 8, 22, 2515.75, 11, 3, A
28446, 3, 8, 22, 2515.75, 11, 3, A
28490, 3, 8, 22, 2515.75, 11, 3, A
28441, 3, 8, 22, 2515.75, 11, 3, A
28497, 3, 8, 22, 2515.75, 11, 3, A
28430, 3, 8, 22, 2515.75, 11, 3, A
28490, 3, 8, 22, 2515.75, 11, 3, A
28437, 3, 8, 22, 2515.75, 11, 3, A
28489, 3, 8, 22, 2515.75, 11, 3, A
8613, 2, 4, 11, 2668.1, 6, 3, A
7668, 2, 4, 11, 2668.1, 6, 3, A
6856, 2, 4, 11, 2668.1, 6, 3, A
6695, 2, 4, 11, 2668.1, 6, 3, A
6707, 2, 4, 11, 2668.1, 6, 3, A
6697, 2, 4, 11, 2668.1, 6, 3, A
6713, 2, 4, 11, 2668.1, 6, 3, A
6686, 2, 4, 11, 2668.1, 6, 3, A
6716, 2, 4, 11, 2668.1, 6, 3, A
6692, 2, 4, 11, 2668.1, 6, 3, A
6706, 2, 4, 11, 2668.1, 6, 3, A
6697, 2, 4, 11, 2668.1, 6, 3, A
6713, 2, 4, 11, 2668.1, 6, 3, A
6686, 2, 4, 11, 2668.1, 6, 3, A
6717, 2, 4, 11, 2668.1, 6, 3, A
6692, 2, 4, 11, 2668.1, 6, 3, A
6707, 2, 4, 11, 2668.1, 6, 3, A
6697, 2, 4, 11, 2668.1, 6, 3, A
6712, 2, 4, 11, 2668.1, 6, 3, A
6686, 2, 4, 11, 2668.1, 6, 3, A
6717, 2, 4, 11, 2668.1, 6, 3, A
6692, 2, 4, 11, 2668.1, 6, 3, A
6707, 2, 4, 11, 2668.1, 6, 3, A
6697, 2, 4, 11, 2668.1, 6, 3, A
6712, 2, 4, 11, 2668.1, 6, 3, A
6686, 2, 4, 11, 2668.1, 6, 3, A
6717, 2, 4, 11, 2668.1, 6, 3, A
6692, 2, 4, 11, 2668.1, 6, 3, A
6706, 2, 4, 11, 2668.1, 6, 3, A
6696, 2, 4, 11, 2668.1, 6, 3, A
gil
1.05982e+08, 6, 10, 28, 3927.62, 16, 4, A2, 30, 
gil
1.02025e+08, 6, 10, 28, 3821.38, 16, 4, A2, 30, 
gil
1.14842e+08, 6, 10, 28, 3930.04, 16, 4, A2, 30, 
gil
1.08887e+08, 6, 10, 28, 3777.27, 16, 4, A2, 30, 
gil
9.86311e+07, 6, 10, 28, 4099.38, 16, 4, A2, 30, 
gil
1.15571e+08, 6, 10, 28, 3806.07, 16, 4, A2, 30, 
gil
1.08202e+08, 6, 10, 28, 3563.12, 16, 4, A2, 30, 
gil
1.0174e+08, 6, 10, 28, 3834.74, 16, 4, A2, 30, 
gil
1.1136e+08, 6, 10, 28, 3477, 16, 4, A2, 30, 
gil
1.05024e+08, 6, 10, 28, 3973.21, 16, 4, A2, 30, 
gil
1.15103e+08, 6, 10, 28, 3716.74, 16, 4, A2, 30, 
gil
9.85829e+07, 6, 10, 28, 4001.98, 16, 4, A2, 30, 
gil
1.01779e+08, 6, 10, 28, 4157.21, 16, 4, A2, 30, 
gil
1.07795e+08, 6, 10, 28, 3687.58, 16, 4, A2, 30, 
gil
1.05725e+08, 6, 10, 28, 3928.82, 16, 4, A2, 30, 
gil
1.06158e+08, 6, 10, 28, 4052.83, 16, 4, A2, 30, 
gil
1.09534e+08, 6, 10, 28, 3781.68, 16, 4, A2, 30, 
gil
1.25108e+08, 6, 10, 28, 3833.68, 16, 4, A2, 30, 
gil
9.89454e+07, 6, 10, 28, 3891.08, 16, 4, A2, 30, 
gil
1.05654e+08, 6, 10, 28, 3798.49, 16, 4, A2, 30, 
gil
1.08716e+08, 6, 10, 28, 4196.01, 16, 4, A2, 30, 
gil
1.18374e+08, 6, 10, 28, 4109.23, 16, 4, A2, 30, 
gil
1.08279e+08, 6, 10, 28, 4049.12, 16, 4, A2, 30, 
gil
1.15022e+08, 6, 10, 28, 3852.73, 16, 4, A2, 30, 
gil
1.04931e+08, 6, 10, 28, 3589.22, 16, 4, A2, 30, 
gil
1.08327e+08, 6, 10, 28, 3606.89, 16, 4, A2, 30, 
gil
1.21977e+08, 6, 10, 28, 4062.05, 16, 4, A2, 30, 
gil
1.05207e+08, 6, 10, 28, 3660.64, 16, 4, A2, 30, 
gil
1.04676e+08, 6, 10, 28, 4239.33, 16, 4, A2, 30, 
gil
1.02234e+08, 6, 10, 28, 3986.07, 16, 4, A2, 30, 
gil
8.19553e+07, 5, 7, 20, 2891.23, 12, 4, A2, 30, 
gil
7.46206e+07, 5, 7, 20, 2561.49, 12, 4, A2, 30, 
gil
7.95901e+07, 5, 7, 20, 2938.22, 12, 4, A2, 30, 
gil
8.91731e+07, 5, 7, 20, 2810.89, 12, 4, A2, 30, 
gil
8.67522e+07, 5, 7, 20, 2578.14, 12, 4, A2, 30, 
gil
7.71154e+07, 5, 7, 20, 2400.94, 12, 4, A2, 30, 
gil
8.20894e+07, 5, 7, 20, 2896.58, 12, 4, A2, 30, 
gil
8.21265e+07, 5, 7, 20, 2719.07, 12, 4, A2, 30, 
gil
8.18337e+07, 5, 7, 20, 2579.43, 12, 4, A2, 30, 
gil
7.46019e+07, 5, 7, 20, 2561.49, 12, 4, A2, 30, 
gil
8.21849e+07, 5, 7, 20, 2719.07, 12, 4, A2, 30, 
gil
7.51168e+07, 5, 7, 20, 2953.71, 12, 4, A2, 30, 
gil
7.23922e+07, 5, 7, 20, 2906.22, 12, 4, A2, 30, 
gil
7.73069e+07, 5, 7, 20, 2578.14, 12, 4, A2, 30, 
gil
7.70734e+07, 5, 7, 20, 2739.97, 12, 4, A2, 30, 
gil
8.45861e+07, 5, 7, 20, 2579.43, 12, 4, A2, 30, 
gil
7.71462e+07, 5, 7, 20, 2864.26, 12, 4, A2, 30, 
gil
7.51465e+07, 5, 7, 20, 2743.33, 12, 4, A2, 30, 
gil
7.70995e+07, 5, 7, 20, 2774.16, 12, 4, A2, 30, 
gil
7.99726e+07, 5, 7, 20, 2774.16, 12, 4, A2, 30, 
gil
7.72406e+07, 5, 7, 20, 2400.94, 12, 4, A2, 30, 
gil
8.22921e+07, 5, 7, 20, 2756.63, 12, 4, A2, 30, 
gil
8.21418e+07, 5, 7, 20, 2578.14, 12, 4, A2, 30, 
gil
7.96572e+07, 5, 7, 20, 2400.94, 12, 4, A2, 30, 
gil
7.70682e+07, 5, 7, 20, 2579.43, 12, 4, A2, 30, 
gil
7.97098e+07, 5, 7, 20, 2919.66, 12, 4, A2, 30, 
gil
7.47906e+07, 5, 7, 20, 2579.43, 12, 4, A2, 30, 
gil
8.21939e+07, 5, 7, 20, 2561.49, 12, 4, A2, 30, 
gil
8.19653e+07, 5, 7, 20, 2578.14, 12, 4, A2, 30, 
gil
7.71287e+07, 5, 7, 20, 2756.63, 12, 4, A2, 30, 
gil
3.27918e+07, 1, 4, 10, 1506.25, 5, 4, A2, 30, 
gil
2.97095e+07, 1, 4, 10, 1506.25, 5, 4, A2, 30, 
gil
3.27792e+07, 1, 4, 10, 1506.25, 5, 4, A2, 30, 
gil
3.07924e+07, 1, 4, 10, 1506.25, 5, 4, A2, 30, 
gil
3.16931e+07, 1, 4, 10, 1506.25, 5, 4, A2, 30, 
gil
3.08376e+07, 1, 4, 10, 1506.25, 5, 4, A2, 30, 
gil
3.06458e+07, 1, 4, 10, 1506.25, 5, 4, A2, 30, 
gil
3.08548e+07, 1, 4, 10, 1506.25, 5, 4, A2, 30, 
gil
2.96512e+07, 1, 4, 10, 1506.25, 5, 4, A2, 30, 
gil
3.08452e+07, 1, 4, 10, 1506.25, 5, 4, A2, 30, 
gil
3.16474e+07, 1, 4, 10, 1506.25, 5, 4, A2, 30, 
gil
3.10702e+07, 1, 4, 10, 1506.25, 5, 4, A2, 30, 
gil
3.08331e+07, 1, 4, 10, 1506.25, 5, 4, A2, 30, 
gil
3.07151e+07, 1, 4, 10, 1506.25, 5, 4, A2, 30, 
gil
3.17627e+07, 1, 4, 10, 1506.25, 5, 4, A2, 30, 
gil
3.07873e+07, 1, 4, 10, 1506.25, 5, 4, A2, 30, 
gil
3.1714e+07, 1, 4, 10, 1506.25, 5, 4, A2, 30, 
gil
2.97964e+07, 1, 4, 10, 1506.25, 5, 4, A2, 30, 
gil
3.26593e+07, 1, 4, 10, 1506.25, 5, 4, A2, 30, 
gil
3.18412e+07, 1, 4, 10, 1506.25, 5, 4, A2, 30, 
gil
3.07261e+07, 1, 4, 10, 1506.25, 5, 4, A2, 30, 
gil
3.17323e+07, 1, 4, 10, 1506.25, 5, 4, A2, 30, 
gil
3.07711e+07, 1, 4, 10, 1506.25, 5, 4, A2, 30, 
gil
3.06915e+07, 1, 4, 10, 1506.25, 5, 4, A2, 30, 
gil
3.17347e+07, 1, 4, 10, 1506.25, 5, 4, A2, 30, 
gil
3.07758e+07, 1, 4, 10, 1506.25, 5, 4, A2, 30, 
gil
3.27285e+07, 1, 4, 10, 1506.25, 5, 4, A2, 30, 
gil
3.26922e+07, 1, 4, 10, 1506.25, 5, 4, A2, 30, 
gil
3.07478e+07, 1, 4, 10, 1506.25, 5, 4, A2, 30, 
gil
3.27277e+07, 1, 4, 10, 1506.25, 5, 4, A2, 30, 
gil
5.719e+07, 3, 6, 15, 1572.73, 8, 4, A2, 30, 
gil
5.17227e+07, 3, 6, 15, 1730.77, 8, 4, A2, 30, 
gil
5.59936e+07, 3, 6, 15, 1572.73, 8, 4, A2, 30, 
gil
5.99587e+07, 3, 6, 15, 1717.93, 8, 4, A2, 30, 
gil
5.53739e+07, 3, 6, 15, 1620.18, 8, 4, A2, 30, 
gil
5.24849e+07, 3, 6, 15, 1726.77, 8, 4, A2, 30, 
gil
6.01661e+07, 3, 6, 15, 1562.42, 8, 4, A2, 30, 
gil
5.57474e+07, 3, 6, 15, 1562.42, 8, 4, A2, 30, 
gil
5.66637e+07, 3, 6, 15, 1670.04, 8, 4, A2, 30, 
gil
5.71194e+07, 3, 6, 15, 1726.77, 8, 4, A2, 30, 
gil
5.20992e+07, 3, 6, 15, 1572.73, 8, 4, A2, 30, 
gil
5.40189e+07, 3, 6, 15, 1730.77, 8, 4, A2, 30, 
gil
6.12379e+07, 3, 6, 15, 1770.77, 8, 4, A2, 30, 
gil
5.59484e+07, 3, 6, 15, 1486.74, 8, 4, A2, 30, 
gil
5.67529e+07, 3, 6, 15, 1719.59, 8, 4, A2, 30, 
gil
5.22056e+07, 3, 6, 15, 1562.42, 8, 4, A2, 30, 
gil
5.26533e+07, 3, 6, 15, 1807.82, 8, 4, A2, 30, 
gil
5.77527e+07, 3, 6, 15, 1584.05, 8, 4, A2, 30, 
gil
5.55716e+07, 3, 6, 15, 1730.77, 8, 4, A2, 30, 
gil
5.59651e+07, 3, 6, 15, 1589.79, 8, 4, A2, 30, 
gil
5.81942e+07, 3, 6, 15, 1770.77, 8, 4, A2, 30, 
gil
5.61763e+07, 3, 6, 15, 1595.15, 8, 4, A2, 30, 
gil
5.75231e+07, 3, 6, 15, 1770.77, 8, 4, A2, 30, 
gil
5.24956e+07, 3, 6, 15, 1843.53, 8, 4, A2, 30, 
gil
5.75904e+07, 3, 6, 15, 1726.77, 8, 4, A2, 30, 
gil
6.261e+07, 3, 6, 15, 1584.05, 8, 4, A2, 30, 
gil
5.61451e+07, 3, 6, 15, 1719.59, 8, 4, A2, 30, 
gil
5.60787e+07, 3, 6, 15, 1562.42, 8, 4, A2, 30, 
gil
5.97905e+07, 3, 6, 15, 1595.15, 8, 4, A2, 30, 
gil
5.78832e+07, 3, 6, 15, 1620.18, 8, 4, A2, 30, 
gil
9.77931e+07, 6, 8, 22, 3461.79, 14, 4, A2, 30, 
gil
9.16776e+07, 6, 8, 22, 3253.24, 14, 4, A2, 30, 
gil
8.8482e+07, 6, 8, 22, 3500.35, 14, 4, A2, 30, 
gil
1.02642e+08, 6, 8, 22, 3263.57, 14, 4, A2, 30, 
gil
9.16822e+07, 6, 8, 22, 3583.78, 14, 4, A2, 30, 
gil
9.48461e+07, 6, 8, 22, 3550.6, 14, 4, A2, 30, 
gil
9.77307e+07, 6, 8, 22, 3277.58, 14, 4, A2, 30, 
gil
9.18099e+07, 6, 8, 22, 3412.02, 14, 4, A2, 30, 
gil
9.73583e+07, 6, 8, 22, 3549.89, 14, 4, A2, 30, 
gil
1.00761e+08, 6, 8, 22, 3438.55, 14, 4, A2, 30, 
gil
1.00397e+08, 6, 8, 22, 3382.47, 14, 4, A2, 30, 
gil
9.43677e+07, 6, 8, 22, 3548.09, 14, 4, A2, 30, 
gil
1.05883e+08, 6, 8, 22, 3301.91, 14, 4, A2, 30, 
gil
9.18035e+07, 6, 8, 22, 3525.56, 14, 4, A2, 30, 
gil
9.75052e+07, 6, 8, 22, 3421.41, 14, 4, A2, 30, 
gil
9.15963e+07, 6, 8, 22, 3588.91, 14, 4, A2, 30, 
gil
8.88265e+07, 6, 8, 22, 3364.33, 14, 4, A2, 30, 
gil
9.17689e+07, 6, 8, 22, 3409.17, 14, 4, A2, 30, 
gil
8.86844e+07, 6, 8, 22, 3528.89, 14, 4, A2, 30, 
gil
9.12433e+07, 6, 8, 22, 3361.47, 14, 4, A2, 30, 
gil
9.73109e+07, 6, 8, 22, 3357.24, 14, 4, A2, 30, 
gil
9.40835e+07, 6, 8, 22, 3382.85, 14, 4, A2, 30, 
gil
9.11857e+07, 6, 8, 22, 3438.55, 14, 4, A2, 30, 
gil
9.43363e+07, 6, 8, 22, 3547.63, 14, 4, A2, 30, 
gil
9.75609e+07, 6, 8, 22, 3321.27, 14, 4, A2, 30, 
gil
9.15935e+07, 6, 8, 22, 3445.27, 14, 4, A2, 30, 
gil
9.7378e+07, 6, 8, 22, 3467.15, 14, 4, A2, 30, 
gil
9.63928e+07, 6, 8, 22, 3581.77, 14, 4, A2, 30, 
gil
9.08188e+07, 6, 8, 22, 3346.64, 14, 4, A2, 30, 
gil
9.6963e+07, 6, 8, 22, 3412.02, 14, 4, A2, 30, 
gil
4.72008e+07, 2, 5, 13, 3019.14, 7, 4, A2, 30, 
gil
4.58517e+07, 2, 5, 13, 3088.15, 7, 4, A2, 30, 
gil
4.44874e+07, 2, 5, 13, 3088.15, 7, 4, A2, 30, 
gil
4.5913e+07, 2, 5, 13, 3019.14, 7, 4, A2, 30, 
gil
4.57524e+07, 2, 5, 13, 3088.15, 7, 4, A2, 30, 
gil
4.4542e+07, 2, 5, 13, 3019.14, 7, 4, A2, 30, 
gil
4.30397e+07, 2, 5, 13, 3019.14, 7, 4, A2, 30, 
gil
4.59854e+07, 2, 5, 13, 3088.15, 7, 4, A2, 30, 
gil
4.31561e+07, 2, 5, 13, 3019.14, 7, 4, A2, 30, 
gil
4.58432e+07, 2, 5, 13, 3088.15, 7, 4, A2, 30, 
gil
4.45086e+07, 2, 5, 13, 3019.14, 7, 4, A2, 30, 
gil
5.00066e+07, 2, 5, 13, 3019.14, 7, 4, A2, 30, 
gil
4.46087e+07, 2, 5, 13, 3019.14, 7, 4, A2, 30, 
gil
4.57674e+07, 2, 5, 13, 3019.14, 7, 4, A2, 30, 
gil
4.72913e+07, 2, 5, 13, 3088.15, 7, 4, A2, 30, 
gil
4.73171e+07, 2, 5, 13, 3019.14, 7, 4, A2, 30, 
gil
4.45016e+07, 2, 5, 13, 3019.14, 7, 4, A2, 30, 
gil
4.72508e+07, 2, 5, 13, 3019.14, 7, 4, A2, 30, 
gil
4.58792e+07, 2, 5, 13, 3135.77, 7, 4, A2, 30, 
gil
4.57538e+07, 2, 5, 13, 3135.77, 7, 4, A2, 30, 
gil
4.45392e+07, 2, 5, 13, 3097.87, 7, 4, A2, 30, 
gil
4.591e+07, 2, 5, 13, 3019.14, 7, 4, A2, 30, 
gil
4.43358e+07, 2, 5, 13, 3019.14, 7, 4, A2, 30, 
gil
4.27499e+07, 2, 5, 13, 3097.87, 7, 4, A2, 30, 
gil
4.69453e+07, 2, 5, 13, 3088.15, 7, 4, A2, 30, 
gil
4.42271e+07, 2, 5, 13, 3180.87, 7, 4, A2, 30, 
gil
4.28246e+07, 2, 5, 13, 3019.14, 7, 4, A2, 30, 
gil
4.27082e+07, 2, 5, 13, 3019.14, 7, 4, A2, 30, 
gil
4.28252e+07, 2, 5, 13, 3019.14, 7, 4, A2, 30, 
gil
4.55766e+07, 2, 5, 13, 3019.14, 7, 4, A2, 30, 
gil
1.18534e+08, 6, 11, 30, 3239.79, 17, 4, A2, 30, 
gil
1.05696e+08, 6, 11, 30, 3450.35, 17, 4, A2, 30, 
gil
1.26502e+08, 6, 11, 30, 3397.48, 17, 4, A2, 30, 
gil
1.08017e+08, 6, 11, 30, 3209.31, 16, 4, A2, 30, 
gil
1.12481e+08, 6, 11, 30, 2956.36, 16, 4, A2, 30, 
gil
1.15668e+08, 6, 11, 30, 3168.57, 16, 4, A2, 30, 
gil
1.12215e+08, 6, 11, 30, 3558.47, 16, 4, A2, 30, 
gil
1.15815e+08, 6, 11, 30, 3385, 16, 4, A2, 30, 
gil
1.15034e+08, 6, 11, 30, 3400.72, 16, 4, A2, 30, 
gil
1.1878e+08, 6, 11, 30, 3268.09, 16, 4, A2, 30, 
gil
1.12538e+08, 6, 11, 30, 3395.76, 17, 4, A2, 30, 
gil
1.11961e+08, 6, 11, 30, 3549.58, 16, 4, A2, 30, 
gil
1.08452e+08, 6, 11, 30, 3515.96, 16, 4, A2, 30, 
gil
1.22169e+08, 6, 11, 30, 3146.12, 16, 4, A2, 30, 
gil
1.08506e+08, 6, 11, 30, 3348.73, 16, 4, A2, 30, 
gil
1.15059e+08, 6, 11, 30, 3473.14, 16, 4, A2, 30, 
gil
1.14945e+08, 6, 11, 30, 3511.32, 16, 4, A2, 30, 
gil
1.09369e+08, 6, 11, 30, 3500.3, 16, 4, A2, 30, 
gil
1.07717e+08, 6, 11, 30, 3651.02, 16, 4, A2, 30, 
gil
1.1811e+08, 6, 11, 30, 2998.28, 16, 4, A2, 30, 
gil
1.05646e+08, 6, 11, 30, 3145.98, 16, 4, A2, 30, 
gil
1.09053e+08, 6, 11, 30, 3310.11, 16, 4, A2, 30, 
gil
1.16302e+08, 6, 11, 30, 3384.67, 16, 4, A2, 30, 
gil
1.27035e+08, 6, 11, 30, 3313.85, 17, 4, A2, 30, 
gil
1.16072e+08, 6, 11, 30, 3485.16, 16, 4, A2, 30, 
gil
1.13404e+08, 6, 11, 30, 3211.48, 16, 4, A2, 30, 
gil
1.15393e+08, 6, 11, 30, 3199.71, 16, 4, A2, 30, 
gil
1.11112e+08, 6, 11, 30, 3232.28, 16, 4, A2, 30, 
gil
1.09461e+08, 6, 11, 30, 3321.55, 16, 4, A2, 30, 
gil
1.12098e+08, 6, 11, 30, 3335.22, 16, 4, A2, 30, 
gil
8.91478e+07, 5, 8, 22, 2789.94, 13, 4, A2, 30, 
gil
8.68264e+07, 5, 8, 22, 2789.94, 13, 4, A2, 30, 
gil
8.13932e+07, 5, 8, 22, 2676.6, 13, 4, A2, 30, 
gil
8.64484e+07, 5, 8, 22, 2627.32, 13, 4, A2, 30, 
gil
8.66013e+07, 5, 8, 22, 3059.35, 13, 4, A2, 30, 
gil
8.93185e+07, 5, 8, 22, 2789.33, 13, 4, A2, 30, 
gil
8.11529e+07, 5, 8, 22, 2838.19, 13, 4, A2, 30, 
gil
8.36796e+07, 5, 8, 22, 2955.72, 13, 4, A2, 30, 
gil
8.12574e+07, 5, 8, 22, 2681.68, 13, 4, A2, 30, 
gil
8.90217e+07, 5, 8, 22, 2660.69, 13, 4, A2, 30, 
gil
8.64685e+07, 5, 8, 22, 2624.73, 13, 4, A2, 30, 
gil
8.89949e+07, 5, 8, 22, 2910.09, 13, 4, A2, 30, 
gil
9.18159e+07, 5, 8, 22, 2667.48, 13, 4, A2, 30, 
gil
9.47034e+07, 5, 8, 22, 2989.59, 13, 4, A2, 30, 
gil
8.37615e+07, 5, 8, 22, 2876.92, 13, 4, A2, 30, 
gil
8.38155e+07, 5, 8, 22, 2728.64, 13, 4, A2, 30, 
gil
8.39589e+07, 5, 8, 22, 2813.94, 13, 4, A2, 30, 
gil
8.37113e+07, 5, 8, 22, 2676.6, 13, 4, A2, 30, 
gil
8.91275e+07, 5, 8, 22, 2868.97, 13, 4, A2, 30, 
gil
9.4687e+07, 5, 8, 22, 2673.73, 13, 4, A2, 30, 
gil
8.67739e+07, 5, 8, 22, 2627.32, 13, 4, A2, 30, 
gil
8.66536e+07, 5, 8, 22, 2660.69, 13, 4, A2, 30, 
gil
8.90976e+07, 5, 8, 22, 2830.36, 13, 4, A2, 30, 
gil
9.16196e+07, 5, 8, 22, 2894.2, 13, 4, A2, 30, 
gil
8.61035e+07, 5, 8, 22, 2822.74, 13, 4, A2, 30, 
gil
8.84724e+07, 5, 8, 22, 2691.55, 13, 4, A2, 30, 
gil
8.84524e+07, 5, 8, 22, 2886.8, 13, 4, A2, 30, 
gil
8.58997e+07, 5, 8, 22, 2667.48, 13, 4, A2, 30, 
gil
7.78209e+07, 5, 8, 22, 2674.28, 13, 4, A2, 30, 
gil
8.59783e+07, 5, 8, 22, 2777.83, 13, 4, A2, 30, 
gil
2.30802e+07, 2, 2, 3, 1283.66, 3, 4, A2, 30, 
gil
2.29243e+07, 2, 2, 3, 1283.66, 3, 4, A2, 30, 
gil
2.25151e+07, 2, 2, 3, 1283.66, 3, 4, A2, 30, 
gil
2.30295e+07, 2, 2, 3, 1283.66, 3, 4, A2, 30, 
gil
2.30945e+07, 2, 2, 3, 1283.66, 3, 4, A2, 30, 
gil
2.44584e+07, 2, 2, 3, 1283.66, 3, 4, A2, 30, 
gil
2.42908e+07, 2, 2, 3, 1283.66, 3, 4, A2, 30, 
gil
2.43014e+07, 2, 2, 3, 1283.66, 3, 4, A2, 30, 
gil
2.45352e+07, 2, 2, 3, 1283.66, 3, 4, A2, 30, 
gil
2.25894e+07, 2, 2, 3, 1283.66, 3, 4, A2, 30, 
gil
2.38558e+07, 2, 2, 3, 1283.66, 3, 4, A2, 30, 
gil
2.44368e+07, 2, 2, 3, 1283.66, 3, 4, A2, 30, 
gil
2.33551e+07, 2, 2, 3, 1283.66, 3, 4, A2, 30, 
gil
2.23322e+07, 2, 2, 3, 1283.66, 3, 4, A2, 30, 
gil
2.39173e+07, 2, 2, 3, 1283.66, 3, 4, A2, 30, 
gil
2.34241e+07, 2, 2, 3, 1283.66, 3, 4, A2, 30, 
gil
2.22614e+07, 2, 2, 3, 1283.66, 3, 4, A2, 30, 
gil
2.40281e+07, 2, 2, 3, 1283.66, 3, 4, A2, 30, 
gil
2.44757e+07, 2, 2, 3, 1283.66, 3, 4, A2, 30, 
gil
2.44139e+07, 2, 2, 3, 1283.66, 3, 4, A2, 30, 
gil
2.31086e+07, 2, 2, 3, 1283.66, 3, 4, A2, 30, 
gil
2.40092e+07, 2, 2, 3, 1283.66, 3, 4, A2, 30, 
gil
2.23876e+07, 2, 2, 3, 1283.66, 3, 4, A2, 30, 
gil
2.44825e+07, 2, 2, 3, 1283.66, 3, 4, A2, 30, 
gil
2.4097e+07, 2, 2, 3, 1283.66, 3, 4, A2, 30, 
gil
2.2987e+07, 2, 2, 3, 1283.66, 3, 4, A2, 30, 
gil
2.28132e+07, 2, 2, 3, 1283.66, 3, 4, A2, 30, 
gil
2.19273e+07, 2, 2, 3, 1283.66, 3, 4, A2, 30, 
gil
2.33087e+07, 2, 2, 3, 1283.66, 3, 4, A2, 30, 
gil
2.3887e+07, 2, 2, 3, 1283.66, 3, 4, A2, 30, 
gil
9.6882e+06, 1, 1, 0, 0, 1, 4, A2, 30, 
gil
9.755e+06, 1, 1, 0, 0, 1, 4, A2, 30, 
gil
8.46942e+06, 1, 1, 0, 0, 1, 4, A2, 30, 
gil
8.46736e+06, 1, 1, 0, 0, 1, 4, A2, 30, 
gil
8.92508e+06, 1, 1, 0, 0, 1, 4, A2, 30, 
gil
8.46993e+06, 1, 1, 0, 0, 1, 4, A2, 30, 
gil
8.34034e+06, 1, 1, 0, 0, 1, 4, A2, 30, 
gil
9.06063e+06, 1, 1, 0, 0, 1, 4, A2, 30, 
gil
9.55403e+06, 1, 1, 0, 0, 1, 4, A2, 30, 
gil
9.24401e+06, 1, 1, 0, 0, 1, 4, A2, 30, 
gil
9.90376e+06, 1, 1, 0, 0, 1, 4, A2, 30, 
gil
9.30936e+06, 1, 1, 0, 0, 1, 4, A2, 30, 
gil
8.45343e+06, 1, 1, 0, 0, 1, 4, A2, 30, 
gil
8.14875e+06, 1, 1, 0, 0, 1, 4, A2, 30, 
gil
8.2651e+06, 1, 1, 0, 0, 1, 4, A2, 30, 
gil
8.92636e+06, 1, 1, 0, 0, 1, 4, A2, 30, 
gil
8.65515e+06, 1, 1, 0, 0, 1, 4, A2, 30, 
gil
8.91997e+06, 1, 1, 0, 0, 1, 4, A2, 30, 
gil
8.34413e+06, 1, 1, 0, 0, 1, 4, A2, 30, 
gil
9.80809e+06, 1, 1, 0, 0, 1, 4, A2, 30, 
gil
8.34471e+06, 1, 1, 0, 0, 1, 4, A2, 30, 
gil
8.32272e+06, 1, 1, 0, 0, 1, 4, A2, 30, 
gil
9.50988e+06, 1, 1, 0, 0, 1, 4, A2, 30, 
gil
9.0433e+06, 1, 1, 0, 0, 1, 4, A2, 30, 
gil
8.46491e+06, 1, 1, 0, 0, 1, 4, A2, 30, 
gil
8.13142e+06, 1, 1, 0, 0, 1, 4, A2, 30, 
gil
9.43063e+06, 1, 1, 0, 0, 1, 4, A2, 30, 
gil
9.87866e+06, 1, 1, 0, 0, 1, 4, A2, 30, 
gil
9.10994e+06, 1, 1, 0, 0, 1, 4, A2, 30, 
gil
9.16484e+06, 1, 1, 0, 0, 1, 4, A2, 30, 
gil
9.30807e+07, 4, 11, 31, 3084.56, 15, 4, A2, 30, 
gil
9.25345e+07, 4, 11, 31, 3124.7, 15, 4, A2, 30, 
gil
9.53333e+07, 4, 11, 31, 3269.34, 15, 4, A2, 30, 
gil
1.04553e+08, 4, 11, 31, 3429.52, 15, 4, A2, 30, 
gil
1.01315e+08, 4, 11, 31, 3041.62, 15, 4, A2, 30, 
gil
1.04541e+08, 4, 11, 31, 3155.33, 15, 4, A2, 30, 
gil
9.87736e+07, 4, 11, 31, 2970.57, 15, 4, A2, 30, 
gil
1.07481e+08, 4, 11, 31, 2716.18, 15, 4, A2, 30, 
gil
9.30718e+07, 4, 11, 31, 2977.93, 15, 4, A2, 30, 
gil
1.13984e+08, 4, 11, 31, 3298.48, 15, 4, A2, 30, 
gil
9.84427e+07, 4, 11, 31, 2914.19, 15, 4, A2, 30, 
gil
1.10869e+08, 4, 11, 31, 3052.37, 15, 4, A2, 30, 
gil
1.04796e+08, 4, 11, 31, 3023.05, 15, 4, A2, 30, 
gil
1.10472e+08, 4, 11, 31, 2898.83, 15, 4, A2, 30, 
gil
1.01519e+08, 4, 11, 31, 3274.37, 15, 4, A2, 30, 
gil
1.01569e+08, 4, 11, 31, 2936.5, 15, 4, A2, 30, 
gil
9.86947e+07, 4, 11, 31, 3004.48, 15, 4, A2, 30, 
gil
1.01792e+08, 4, 11, 31, 2867.98, 15, 4, A2, 30, 
gil
1.07395e+08, 4, 11, 31, 2928.94, 15, 4, A2, 30, 
gil
1.01425e+08, 4, 11, 31, 2990.55, 15, 4, A2, 30, 
gil
9.83743e+07, 4, 11, 31, 3095.36, 15, 4, A2, 30, 
gil
9.54556e+07, 4, 11, 31, 3078.78, 15, 4, A2, 30, 
gil
8.93449e+07, 4, 11, 31, 3384.75, 15, 4, A2, 30, 
gil
1.04367e+08, 4, 11, 31, 2764.73, 15, 4, A2, 30, 
gil
9.28101e+07, 4, 11, 31, 3363.74, 15, 4, A2, 30, 
gil
9.59933e+07, 4, 11, 31, 2914.19, 15, 4, A2, 30, 
gil
1.0161e+08, 4, 11, 31, 2900.83, 15, 4, A2, 30, 
gil
1.04376e+08, 4, 11, 31, 2914.19, 15, 4, A2, 30, 
gil
1.04424e+08, 4, 11, 31, 3199.13, 15, 4, A2, 30, 
gil
9.8262e+07, 4, 11, 31, 2882.88, 15, 4, A2, 30, 
gil
1.54097e+07, 1, 2, 3, 204.6, 2, 4, A2, 30, 
gil
1.51397e+07, 1, 2, 3, 204.6, 2, 4, A2, 30, 
gil
1.63543e+07, 1, 2, 3, 204.6, 2, 4, A2, 30, 
gil
1.4564e+07, 1, 2, 3, 204.6, 2, 4, A2, 30, 
gil
1.54774e+07, 1, 2, 3, 204.6, 2, 4, A2, 30, 
gil
1.54034e+07, 1, 2, 3, 204.6, 2, 4, A2, 30, 
gil
1.49274e+07, 1, 2, 3, 204.6, 2, 4, A2, 30, 
gil
1.61137e+07, 1, 2, 3, 204.6, 2, 4, A2, 30, 
gil
1.56655e+07, 1, 2, 3, 204.6, 2, 4, A2, 30, 
gil
1.55906e+07, 1, 2, 3, 204.6, 2, 4, A2, 30, 
gil
1.38477e+07, 1, 2, 3, 204.6, 2, 4, A2, 30, 
gil
1.48605e+07, 1, 2, 3, 204.6, 2, 4, A2, 30, 
gil
1.48986e+07, 1, 2, 3, 204.6, 2, 4, A2, 30, 
gil
1.56063e+07, 1, 2, 3, 204.6, 2, 4, A2, 30, 
gil
1.52159e+07, 1, 2, 3, 204.6, 2, 4, A2, 30, 
gil
1.4465e+07, 1, 2, 3, 204.6, 2, 4, A2, 30, 
gil
1.5076e+07, 1, 2, 3, 204.6, 2, 4, A2, 30, 
gil
1.47118e+07, 1, 2, 3, 204.6, 2, 4, A2, 30, 
gil
1.51052e+07, 1, 2, 3, 204.6, 2, 4, A2, 30, 
gil
1.51498e+07, 1, 2, 3, 204.6, 2, 4, A2, 30, 
gil
1.51703e+07, 1, 2, 3, 204.6, 2, 4, A2, 30, 
gil
1.64654e+07, 1, 2, 3, 204.6, 2, 4, A2, 30, 
gil
1.45129e+07, 1, 2, 3, 204.6, 2, 4, A2, 30, 
gil
1.55765e+07, 1, 2, 3, 204.6, 2, 4, A2, 30, 
gil
1.55733e+07, 1, 2, 3, 204.6, 2, 4, A2, 30, 
gil
1.51174e+07, 1, 2, 3, 204.6, 2, 4, A2, 30, 
gil
1.59429e+07, 1, 2, 3, 204.6, 2, 4, A2, 30, 
gil
1.63797e+07, 1, 2, 3, 204.6, 2, 4, A2, 30, 
gil
1.54819e+07, 1, 2, 3, 204.6, 2, 4, A2, 30, 
gil
1.57351e+07, 1, 2, 3, 204.6, 2, 4, A2, 30, 
gil
5.96352e+07, 3, 7, 18, 1831.23, 9, 4, A2, 30, 
gil
6.50613e+07, 3, 7, 18, 2007.32, 9, 4, A2, 30, 
gil
5.9515e+07, 3, 7, 18, 2167.18, 9, 4, A2, 30, 
gil
6.44647e+07, 3, 7, 18, 1937.74, 9, 4, A2, 30, 
gil
6.50454e+07, 3, 7, 18, 2007.32, 9, 4, A2, 30, 
gil
6.30682e+07, 3, 7, 18, 2227.22, 9, 4, A2, 30, 
gil
6.91566e+07, 3, 7, 18, 2138.41, 9, 4, A2, 30, 
gil
5.6847e+07, 3, 7, 18, 2206.93, 10, 4, A2, 30, 
gil
6.3872e+07, 3, 7, 18, 1831.23, 9, 4, A2, 30, 
gil
6.85894e+07, 3, 7, 18, 1893.84, 9, 4, A2, 30, 
gil
6.46403e+07, 3, 7, 18, 2208.07, 9, 4, A2, 30, 
gil
6.32913e+07, 3, 7, 18, 2348.47, 9, 4, A2, 30, 
gil
6.12619e+07, 3, 7, 18, 1831.23, 9, 4, A2, 30, 
gil
6.28163e+07, 3, 7, 18, 1937.74, 9, 4, A2, 30, 
gil
6.06261e+07, 3, 7, 18, 2303.49, 9, 4, A2, 30, 
gil
6.07209e+07, 3, 7, 18, 2129.49, 9, 4, A2, 30, 
gil
6.08703e+07, 3, 7, 18, 2208.07, 9, 4, A2, 30, 
gil
6.22356e+07, 3, 7, 18, 2129.49, 9, 4, A2, 30, 
gil
5.94328e+07, 3, 7, 18, 1893.84, 9, 4, A2, 30, 
gil
6.26236e+07, 3, 7, 18, 1893.84, 9, 4, A2, 30, 
gil
6.28763e+07, 3, 7, 18, 2243.83, 9, 4, A2, 30, 
gil
6.43419e+07, 3, 7, 18, 1831.23, 9, 4, A2, 30, 
gil
5.93699e+07, 3, 7, 18, 1937.74, 9, 4, A2, 30, 
gil
6.13498e+07, 3, 7, 18, 2197.41, 10, 4, A2, 30, 
gil
6.52062e+07, 3, 7, 18, 1831.23, 9, 4, A2, 30, 
gil
5.68399e+07, 3, 7, 18, 2101.2, 9, 4, A2, 30, 
gil
6.34663e+07, 3, 7, 18, 2141.34, 9, 4, A2, 30, 
gil
6.33377e+07, 3, 7, 18, 2197.41, 10, 4, A2, 30, 
gil
6.08102e+07, 3, 7, 18, 2101.2, 9, 4, A2, 30, 
gil
6.40568e+07, 3, 7, 18, 1917.85, 9, 4, A2, 30, 
gil
5.24293e+07, 2, 6, 15, 1975.11, 7, 4, A2, 30, 
gil
4.91306e+07, 2, 6, 15, 2068.62, 7, 4, A2, 30, 
gil
5.49931e+07, 2, 6, 15, 1975.11, 7, 4, A2, 30, 
gil
4.89215e+07, 2, 6, 15, 2068.62, 7, 4, A2, 30, 
gil
4.82811e+07, 2, 6, 15, 1984.14, 7, 4, A2, 30, 
gil
4.9786e+07, 2, 6, 15, 2074.41, 7, 4, A2, 30, 
gil
4.75365e+07, 2, 6, 15, 2074.41, 7, 4, A2, 30, 
gil
4.70864e+07, 2, 6, 15, 2069.13, 7, 4, A2, 30, 
gil
4.968e+07, 2, 6, 15, 2055.56, 7, 4, A2, 30, 
gil
4.97233e+07, 2, 6, 15, 1975.11, 7, 4, A2, 30, 
gil
5.42401e+07, 2, 6, 15, 1984.14, 7, 4, A2, 30, 
gil
4.84838e+07, 2, 6, 15, 2068.62, 7, 4, A2, 30, 
gil
5.0105e+07, 2, 6, 15, 2053.03, 7, 4, A2, 30, 
gil
5.22157e+07, 2, 6, 15, 2031.07, 7, 4, A2, 30, 
gil
5.38175e+07, 2, 6, 15, 1984.14, 7, 4, A2, 30, 
gil
5.00326e+07, 2, 6, 15, 1975.11, 7, 4, A2, 30, 
gil
4.82814e+07, 2, 6, 15, 1975.11, 7, 4, A2, 30, 
gil
4.47875e+07, 2, 6, 15, 2074.41, 7, 4, A2, 30, 
gil
4.62503e+07, 2, 6, 15, 1984.14, 7, 4, A2, 30, 
gil
4.96601e+07, 2, 6, 15, 2031.07, 7, 4, A2, 30, 
gil
4.64439e+07, 2, 6, 15, 2074.41, 7, 4, A2, 30, 
gil
5.14603e+07, 2, 6, 15, 1975.11, 7, 4, A2, 30, 
gil
5.2029e+07, 2, 6, 15, 2031.07, 7, 4, A2, 30, 
gil
5.41886e+07, 2, 6, 15, 1975.11, 7, 4, A2, 30, 
gil
4.67651e+07, 2, 6, 15, 1975.11, 7, 4, A2, 30, 
gil
4.87308e+07, 2, 6, 15, 2068.62, 7, 4, A2, 30, 
gil
5.61218e+07, 2, 6, 15, 1975.11, 7, 4, A2, 30, 
gil
5.02739e+07, 2, 6, 15, 1984.14, 7, 4, A2, 30, 
gil
4.96929e+07, 2, 6, 15, 1975.11, 7, 4, A2, 30, 
gil
4.60071e+07, 2, 6, 15, 2074.41, 7, 4, A2, 30, 
gil
6.95135e+07, 3, 8, 22, 2542.07, 11, 4, A2, 30, 
gil
6.79596e+07, 3, 8, 22, 2584.31, 11, 4, A2, 30, 
gil
7.27071e+07, 3, 8, 22, 2488.87, 11, 4, A2, 30, 
gil
7.21825e+07, 3, 8, 22, 2351.02, 11, 4, A2, 30, 
gil
7.0093e+07, 3, 8, 22, 2835.1, 11, 4, A2, 30, 
gil
6.80572e+07, 3, 8, 22, 2404.97, 11, 4, A2, 30, 
gil
7.44618e+07, 3, 8, 22, 2515.75, 11, 4, A2, 30, 
gil
6.99491e+07, 3, 8, 22, 2255.73, 11, 4, A2, 30, 
gil
7.66213e+07, 3, 8, 22, 2478.77, 11, 4, A2, 30, 
gil
7.00648e+07, 3, 8, 22, 2351.02, 11, 4, A2, 30, 
gil
6.77216e+07, 3, 8, 22, 2287.72, 11, 4, A2, 30, 
gil
7.43793e+07, 3, 8, 22, 2287.72, 11, 4, A2, 30, 
gil
7.44476e+07, 3, 8, 22, 2255.73, 11, 4, A2, 30, 
gil
6.79266e+07, 3, 8, 22, 2255.73, 11, 4, A2, 30, 
gil
7.66002e+07, 3, 8, 22, 2192.43, 11, 4, A2, 30, 
gil
6.78964e+07, 3, 8, 22, 2351.02, 11, 4, A2, 30, 
gil
7.01181e+07, 3, 8, 22, 2579.92, 11, 4, A2, 30, 
gil
7.45342e+07, 3, 8, 22, 2567.94, 11, 4, A2, 30, 
gil
6.78568e+07, 3, 8, 22, 2351.02, 11, 4, A2, 30, 
gil
7.006e+07, 3, 8, 22, 2351.02, 11, 4, A2, 30, 
gil
7.01749e+07, 3, 8, 22, 2504.63, 11, 4, A2, 30, 
gil
6.79717e+07, 3, 8, 22, 2287.72, 11, 4, A2, 30, 
gil
7.87692e+07, 3, 8, 22, 2478.77, 11, 4, A2, 30, 
gil
7.23187e+07, 3, 8, 22, 2478.77, 11, 4, A2, 30, 
gil
7.01013e+07, 3, 8, 22, 2488.87, 11, 4, A2, 30, 
gil
7.67917e+07, 3, 8, 22, 2567.94, 11, 4, A2, 30, 
gil
7.02223e+07, 3, 8, 22, 2192.43, 11, 4, A2, 30, 
gil
7.02728e+07, 3, 8, 22, 2351.02, 11, 4, A2, 30, 
gil
7.67253e+07, 3, 8, 22, 2351.02, 11, 4, A2, 30, 
gil
7.2367e+07, 3, 8, 22, 2644.09, 11, 4, A2, 30, 
gil
3.71109e+07, 2, 4, 11, 1685.98, 6, 4, A2, 30, 
gil
3.95715e+07, 2, 4, 11, 1685.98, 6, 4, A2, 30, 
gil
3.93653e+07, 2, 4, 11, 1685.98, 6, 4, A2, 30, 
gil
3.8085e+07, 2, 4, 11, 1685.98, 6, 4, A2, 30, 
gil
4.18442e+07, 2, 4, 11, 1741.94, 6, 4, A2, 30, 
gil
3.81279e+07, 2, 4, 11, 1685.98, 6, 4, A2, 30, 
gil
3.6976e+07, 2, 4, 11, 1741.94, 6, 4, A2, 30, 
gil
3.80894e+07, 2, 4, 11, 1685.98, 6, 4, A2, 30, 
gil
3.7072e+07, 2, 4, 11, 1685.98, 6, 4, A2, 30, 
gil
3.81811e+07, 2, 4, 11, 1685.98, 6, 4, A2, 30, 
gil
3.58202e+07, 2, 4, 11, 1685.98, 6, 4, A2, 30, 
gil
3.93406e+07, 2, 4, 11, 1685.98, 6, 4, A2, 30, 
gil
3.81137e+07, 2, 4, 11, 1685.98, 6, 4, A2, 30, 
gil
3.94243e+07, 2, 4, 11, 1685.98, 6, 4, A2, 30, 
gil
3.70113e+07, 2, 4, 11, 1741.94, 6, 4, A2, 30, 
gil
4.05188e+07, 2, 4, 11, 1685.98, 6, 4, A2, 30, 
gil
3.6895e+07, 2, 4, 11, 1685.98, 6, 4, A2, 30, 
gil
3.93075e+07, 2, 4, 11, 1685.98, 6, 4, A2, 30, 
gil
3.80491e+07, 2, 4, 11, 1741.94, 6, 4, A2, 30, 
gil
3.93243e+07, 2, 4, 11, 1685.98, 6, 4, A2, 30, 
gil
3.93076e+07, 2, 4, 11, 1685.98, 6, 4, A2, 30, 
gil
3.80401e+07, 2, 4, 11, 1685.98, 6, 4, A2, 30, 
gil
3.94081e+07, 2, 4, 11, 1685.98, 6, 4, A2, 30, 
gil
3.93909e+07, 2, 4, 11, 1685.98, 6, 4, A2, 30, 
gil
3.81957e+07, 2, 4, 11, 1741.94, 6, 4, A2, 30, 
gil
3.92174e+07, 2, 4, 11, 1685.98, 6, 4, A2, 30, 
gil
3.82287e+07, 2, 4, 11, 1685.98, 6, 4, A2, 30, 
gil
3.9332e+07, 2, 4, 11, 1685.98, 6, 4, A2, 30, 
gil
3.81133e+07, 2, 4, 11, 1685.98, 6, 4, A2, 30, 
gil
3.70667e+07, 2, 4, 11, 1685.98, 6, 4, A2, 30, 
